First Name,Last Name,SID,Email,Sections,HW1,HW1 - Max Points,HW1 - Submission Time,HW1 - Lateness (H:M:S),HW2,HW2 - Max Points,HW2 - Submission Time,HW2 - Lateness (H:M:S),HW3,HW3 - Max Points,HW3 - Submission Time,HW3 - Lateness (H:M:S),HW4,HW4 - Max Points,HW4 - Submission Time,HW4 - Lateness (H:M:S),HW5,HW5 - Max Points,HW5 - Submission Time,HW5 - Lateness (H:M:S),HW6,HW6 - Max Points,HW6 - Submission Time,HW6 - Lateness (H:M:S),HW7,HW7 - Max Points,HW7 - Submission Time,HW7 - Lateness (H:M:S),HW8,HW8 - Max Points,HW8 - Submission Time,HW8 - Lateness (H:M:S),Quiz1,Quiz1 - Max Points,Quiz1 - Submission Time,Quiz1 - Lateness (H:M:S),Quiz2,Quiz2 - Max Points,Quiz2 - Submission Time,Quiz2 - Lateness (H:M:S),Quiz3,Quiz3 - Max Points,Quiz3 - Submission Time,Quiz3 - Lateness (H:M:S),Quiz4,Quiz4 - Max Points,Quiz4 - Submission Time,Quiz4 - Lateness (H:M:S),Exam1,Exam1 - Max Points,Exam1 - Submission Time,Exam1 - Lateness (H:M:S),Exam2a,Exam2a - Max Points,Exam2a - Submission Time,Exam2a - Lateness (H:M:S),Exam2b,Exam2b - Max Points,Exam2b - Submission Time,Exam2b - Lateness (H:M:S)
Dan,Doesnt-Do-Hw,900000000S,dan.doesntdohw@uni.edu,CS 2810 Section 01,,10,,,,10,,,,10,,,,10,,,,10,,,,10,,,,10,,,,10,,,16.2,20,2026-04-21 23:14:07 -0400,00:00:00,16.7,20,2026-04-21 23:14:07 -0400,00:00:00,17,20,2026-04-21 23:14:07 -0400,00:00:00,18.1,20,2026-04-21 23:14:07 -0400,00:00:00,92.7,100,2026-04-21 23:14:07 -0400,00:00:00,87,100,2026-04-21 23:14:07 -0400,00:00:00,,100,,
Nadia,No-Show,900007717S,nadia.noshow@uni.edu,CS 2810 Section 02,,10,,,,10,,,,10,,,,10,,,,10,,,,10,,,,10,,,,10,,,,20,,,,20,,,,20,,,,20,,,,100,,,,100,,,,100,,
Absent,Abernathy,900015434S,absent.abernathy@uni.edu,CS 2810 Section 01,,10,,,,10,,,,10,,,,10,,,,10,,,,10,,,,10,,,,10,,,,20,,,,20,,,,20,,,,20,,,,100,,,,100,,,,100,,
Started-Late,Stevens,900023151S,startedlate.stevens@uni.edu,CS 2810 Section 02,,10,,,,10,,,8.9,10,2026-04-21 23:14:07 -0400,00:00:00,7.6,10,2026-04-21 23:14:07 -0400,00:00:00,8.3,10,2026-04-21 23:14:07 -0400,00:00:00,8.3,10,2026-04-21 23:14:07 -0400,00:00:00,8.5,10,2026-04-21 23:14:07 -0400,00:00:00,7.2,10,2026-04-21 23:14:07 -0400,00:00:00,,20,,,16.2,20,2026-04-21 23:14:07 -0400,00:00:00,17.2,20,2026-04-21 23:14:07 -0400,00:00:00,16.5,20,2026-04-21 23:14:07 -0400,00:00:00,81,100,2026-04-21 23:14:07 -0400,00:00:00,68,100,2026-04-21 23:14:07 -0400,00:00:00,,100,,
Dropped-Out,Duncan,900030868S,droppedout.duncan@uni.edu,CS 2810 Section 01,6.9,10,2026-04-21 23:14:07 -0400,00:00:00,7.6,10,2026-04-21 23:14:07 -0400,00:00:00,7,10,2026-04-21 23:14:07 -0400,00:00:00,7.8,10,2026-04-21 23:14:07 -0400,00:00:00,,10,,,,10,,,,10,,,,10,,,15.1,20,2026-04-21 23:14:07 -0400,00:00:00,16,20,2026-04-21 23:14:07 -0400,00:00:00,,20,,,,20,,,76.3,100,2026-04-21 23:14:07 -0400,00:00:00,,100,,,,100,,
Quit,Quigley,900038585S,quit.quigley@uni.edu,CS 2810 Section 02,7.7,10,2026-04-21 23:14:07 -0400,00:00:00,7.8,10,2026-04-21 23:14:07 -0400,00:00:00,9.1,10,2026-04-21 23:14:07 -0400,00:00:00,8.2,10,2026-04-21 23:14:07 -0400,00:00:00,8.6,10,2026-04-21 23:14:07 -0400,00:00:00,8.9,10,2026-04-21 23:14:07 -0400,00:00:00,,10,,,,10,,,17,20,2026-04-21 23:14:07 -0400,00:00:00,17.5,20,2026-04-21 23:14:07 -0400,00:00:00,15.8,20,2026-04-21 23:14:07 -0400,00:00:00,,20,,,82.9,100,2026-04-21 23:14:07 -0400,00:00:00,,100,,,,100,,
Late,Larry,900046302S,late.larry@uni.edu,CS 2810 Section 01,9.3,10,2026-04-21 23:14:07 -0400,47:00:00,9.3,10,2026-04-21 23:14:07 -0400,48:00:00,9.3,10,2026-04-21 23:14:07 -0400,47:00:00,9.2,10,2026-04-21 23:14:07 -0400,48:00:00,8.9,10,2026-04-21 23:14:07 -0400,48:00:00,9.8,10,2026-04-21 23:14:07 -0400,45:00:00,9.3,10,2026-04-21 23:14:07 -0400,45:00:00,8.6,10,2026-04-21 23:14:07 -0400,48:00:00,15,20,2026-04-21 23:14:07 -0400,48:00:00,16.7,20,2026-04-21 23:14:07 -0400,48:00:00,16.8,20,2026-04-21 23:14:07 -0400,47:00:00,16.7,20,2026-04-21 23:14:07 -0400,45:00:00,87.5,100,2026-04-21 23:14:07 -0400,45:00:00,86.9,100,2026-04-21 23:14:07 -0400,45:00:00,,100,,
Tardy,Tran,900054019S,tardy.tran@uni.edu,CS 2810 Section 02,8,10,2026-04-21 23:14:07 -0400,00:00:00,8.3,10,2026-04-21 23:14:07 -0400,00:00:00,7.8,10,2026-04-21 23:14:07 -0400,00:00:00,8.6,10,2026-04-21 23:14:07 -0400,00:00:00,8.4,10,2026-04-21 23:14:07 -0400,00:00:00,8.4,10,2026-04-21 23:14:07 -0400,00:00:00,8.6,10,2026-04-21 23:14:07 -0400,00:00:00,8.7,10,2026-04-21 23:14:07 -0400,00:00:00,17.9,20,2026-04-21 23:14:07 -0400,23:00:00,15.4,20,2026-04-21 23:14:07 -0400,00:00:00,16.1,20,2026-04-21 23:14:07 -0400,00:00:00,13.9,20,2026-04-21 23:14:07 -0400,24:00:00,76.1,100,2026-04-21 23:14:07 -0400,00:00:00,87.5,100,2026-04-21 23:14:07 -0400,21:00:00,,100,,
Perfect,Park,900061736S,perfect.park@uni.edu,CS 2810 Section 01,10,10,2026-04-21 23:14:07 -0400,00:00:00,10,10,2026-04-21 23:14:07 -0400,00:00:00,10,10,2026-04-21 23:14:07 -0400,00:00:00,10,10,2026-04-21 23:14:07 -0400,00:00:00,10,10,2026-04-21 23:14:07 -0400,00:00:00,10,10,2026-04-21 23:14:07 -0400,00:00:00,10,10,2026-04-21 23:14:07 -0400,00:00:00,10,10,2026-04-21 23:14:07 -0400,00:00:00,20,20,2026-04-21 23:14:07 -0400,00:00:00,20,20,2026-04-21 23:14:07 -0400,00:00:00,20,20,2026-04-21 23:14:07 -0400,00:00:00,20,20,2026-04-21 23:14:07 -0400,00:00:00,100,100,2026-04-21 23:14:07 -0400,00:00:00,100,100,2026-04-21 23:14:07 -0400,00:00:00,,100,,
Median,Morales,900069453S,median.morales@uni.edu,CS 2810 Section 02,8.7,10,2026-04-21 23:14:07 -0400,00:00:00,8.7,10,2026-04-21 23:14:07 -0400,00:00:00,8.3,10,2026-04-21 23:14:07 -0400,00:00:00,8,10,2026-04-21 23:14:07 -0400,00:00:00,8.3,10,2026-04-21 23:14:07 -0400,00:00:00,7.4,10,2026-04-21 23:14:07 -0400,00:00:00,6.8,10,2026-04-21 23:14:07 -0400,00:00:00,8.7,10,2026-04-21 23:14:07 -0400,00:00:00,15.3,20,2026-04-21 23:14:07 -0400,00:00:00,16,20,2026-04-21 23:14:07 -0400,00:00:00,14.6,20,2026-04-21 23:14:07 -0400,00:00:00,15.9,20,2026-04-21 23:14:07 -0400,00:00:00,75.6,100,2026-04-21 23:14:07 -0400,00:00:00,72.7,100,2026-04-21 23:14:07 -0400,00:00:00,,100,,
Clutch,Chen,900077170S,clutch.chen@uni.edu,CS 2810 Section 01,0.4,10,2026-04-21 23:14:07 -0400,00:00:00,1.8,10,2026-04-21 23:14:07 -0400,00:00:00,3.8,10,2026-04-21 23:14:07 -0400,00:00:00,5.1,10,2026-04-21 23:14:07 -0400,00:00:00,6,10,2026-04-21 23:14:07 -0400,00:00:00,8.1,10,2026-04-21 23:14:07 -0400,00:00:00,8.1,10,2026-04-21 23:14:07 -0400,00:00:00,10,10,2026-04-21 23:14:07 -0400,00:00:00,7,20,2026-04-21 23:14:07 -0400,00:00:00,11,20,2026-04-21 23:14:07 -0400,00:00:00,17,20,2026-04-21 23:14:07 -0400,00:00:00,20,20,2026-04-21 23:14:07 -0400,00:00:00,58.2,100,2026-04-21 23:14:07 -0400,00:00:00,100,100,2026-04-21 23:14:07 -0400,00:00:00,,100,,
Quiz-Flunking,Quinn,900084887S,quizflunking.quinn@uni.edu,CS 2810 Section 02,8.5,10,2026-04-21 23:14:07 -0400,00:00:00,9.6,10,2026-04-21 23:14:07 -0400,00:00:00,9.5,10,2026-04-21 23:14:07 -0400,00:00:00,9.1,10,2026-04-21 23:14:07 -0400,00:00:00,9.6,10,2026-04-21 23:14:07 -0400,00:00:00,8.8,10,2026-04-21 23:14:07 -0400,00:00:00,9.8,10,2026-04-21 23:14:07 -0400,00:00:00,9.4,10,2026-04-21 23:14:07 -0400,00:00:00,7.2,20,2026-04-21 23:14:07 -0400,00:00:00,9.9,20,2026-04-21 23:14:07 -0400,00:00:00,8.3,20,2026-04-21 23:14:07 -0400,00:00:00,6.6,20,2026-04-21 23:14:07 -0400,00:00:00,66.4,100,2026-04-21 23:14:07 -0400,00:00:00,77.6,100,2026-04-21 23:14:07 -0400,00:00:00,,100,,
Exam-Ace,Ellis,900092604S,examace.ellis@uni.edu,CS 2810 Section 01,6.3,10,2026-04-21 23:14:07 -0400,00:00:00,5.9,10,2026-04-21 23:14:07 -0400,00:00:00,6.2,10,2026-04-21 23:14:07 -0400,00:00:00,6.4,10,2026-04-21 23:14:07 -0400,00:00:00,5.6,10,2026-04-21 23:14:07 -0400,00:00:00,6.4,10,2026-04-21 23:14:07 -0400,00:00:00,6.7,10,2026-04-21 23:14:07 -0400,00:00:00,6.2,10,2026-04-21 23:14:07 -0400,00:00:00,13.7,20,2026-04-21 23:14:07 -0400,00:00:00,15.5,20,2026-04-21 23:14:07 -0400,00:00:00,13.2,20,2026-04-21 23:14:07 -0400,00:00:00,14.6,20,2026-04-21 23:14:07 -0400,00:00:00,95.9,100,2026-04-21 23:14:07 -0400,00:00:00,99.2,100,2026-04-21 23:14:07 -0400,00:00:00,,100,,
Borderline,Bailey,900100321S,borderline.bailey@uni.edu,CS 2810 Section 02,9,10,2026-04-21 23:14:07 -0400,00:00:00,9,10,2026-04-21 23:14:07 -0400,00:00:00,9,10,2026-04-21 23:14:07 -0400,00:00:00,9,10,2026-04-21 23:14:07 -0400,00:00:00,9,10,2026-04-21 23:14:07 -0400,00:00:00,9,10,2026-04-21 23:14:07 -0400,00:00:00,9,10,2026-04-21 23:14:07 -0400,00:00:00,9,10,2026-04-21 23:14:07 -0400,00:00:00,18,20,2026-04-21 23:14:07 -0400,00:00:00,18,20,2026-04-21 23:14:07 -0400,00:00:00,18,20,2026-04-21 23:14:07 -0400,00:00:00,18,20,2026-04-21 23:14:07 -0400,00:00:00,90,100,2026-04-21 23:14:07 -0400,00:00:00,90,100,2026-04-21 23:14:07 -0400,00:00:00,,100,,
Retake,Reyes,900108038S,retake.reyes@uni.edu,CS 2810 Section 01,6.9,10,2026-04-21 23:14:07 -0400,00:00:00,8.2,10,2026-04-21 23:14:07 -0400,00:00:00,8.5,10,2026-04-21 23:14:07 -0400,00:00:00,8.3,10,2026-04-21 23:14:07 -0400,00:00:00,9.4,10,2026-04-21 23:14:07 -0400,00:00:00,8.2,10,2026-04-21 23:14:07 -0400,00:00:00,8.5,10,2026-04-21 23:14:07 -0400,00:00:00,8.3,10,2026-04-21 23:14:07 -0400,00:00:00,15.5,20,2026-04-21 23:14:07 -0400,00:00:00,13.2,20,2026-04-21 23:14:07 -0400,00:00:00,16.4,20,2026-04-21 23:14:07 -0400,00:00:00,15.4,20,2026-04-21 23:14:07 -0400,00:00:00,74.2,100,2026-04-21 23:14:07 -0400,00:00:00,,100,,,85.7,100,2026-04-21 23:14:07 -0400,00:00:00
Makeup,Mbeki,900115755S,makeup.mbeki@uni.edu,CS 2810 Section 02,8,10,2026-04-21 23:14:07 -0400,00:00:00,8.5,10,2026-04-21 23:14:07 -0400,00:00:00,8,10,2026-04-21 23:14:07 -0400,00:00:00,8.1,10,2026-04-21 23:14:07 -0400,00:00:00,8.1,10,2026-04-21 23:14:07 -0400,00:00:00,9.6,10,2026-04-21 23:14:07 -0400,00:00:00,8.9,10,2026-04-21 23:14:07 -0400,00:00:00,8.5,10,2026-04-21 23:14:07 -0400,00:00:00,15.4,20,2026-04-21 23:14:07 -0400,00:00:00,14.9,20,2026-04-21 23:14:07 -0400,00:00:00,15.4,20,2026-04-21 23:14:07 -0400,00:00:00,15.9,20,2026-04-21 23:14:07 -0400,00:00:00,82.8,100,2026-04-21 23:14:07 -0400,00:00:00,,100,,,99.9,100,2026-04-21 23:14:07 -0400,00:00:00
Waived,Walsh,900123472S,waived.walsh@uni.edu,CS 2810 Section 01,9.1,10,2026-04-21 23:14:07 -0400,00:00:00,8.8,10,2026-04-21 23:14:07 -0400,00:00:00,8.7,10,2026-04-21 23:14:07 -0400,00:00:00,7.4,10,2026-04-21 23:14:07 -0400,00:00:00,9.4,10,2026-04-21 23:14:07 -0400,00:00:00,,10,,,8.4,10,2026-04-21 23:14:07 -0400,00:00:00,8.6,10,2026-04-21 23:14:07 -0400,00:00:00,16.2,20,2026-04-21 23:14:07 -0400,00:00:00,17.6,20,2026-04-21 23:14:07 -0400,00:00:00,17,20,2026-04-21 23:14:07 -0400,00:00:00,19.2,20,2026-04-21 23:14:07 -0400,00:00:00,81,100,2026-04-21 23:14:07 -0400,00:00:00,76,100,2026-04-21 23:14:07 -0400,00:00:00,,100,,
Zero,Zheng,900131189S,zero.zheng@uni.edu,CS 2810 Section 02,7.2,10,2026-04-21 23:14:07 -0400,00:00:00,8,10,2026-04-21 23:14:07 -0400,00:00:00,8.9,10,2026-04-21 23:14:07 -0400,00:00:00,8.5,10,2026-04-21 23:14:07 -0400,00:00:00,8.1,10,2026-04-21 23:14:07 -0400,00:00:00,8.3,10,2026-04-21 23:14:07 -0400,00:00:00,7.2,10,2026-04-21 23:14:07 -0400,00:00:00,8.6,10,2026-04-21 23:14:07 -0400,00:00:00,14.7,20,2026-04-21 23:14:07 -0400,00:00:00,15.8,20,2026-04-21 23:14:07 -0400,00:00:00,15.6,20,2026-04-21 23:14:07 -0400,00:00:00,16.9,20,2026-04-21 23:14:07 -0400,00:00:00,0,100,2026-04-21 23:14:07 -0400,00:00:00,80.1,100,2026-04-21 23:14:07 -0400,00:00:00,,100,,
Cora,Abbott,900138906S,cora.abbott@uni.edu,CS 2810 Section 01,6.9,10,2026-04-21 23:14:07 -0400,00:00:00,7.8,10,2026-04-21 23:14:07 -0400,00:00:00,8.5,10,2026-04-21 23:14:07 -0400,00:00:00,7.5,10,2026-04-21 23:14:07 -0400,00:00:00,8,10,2026-04-21 23:14:07 -0400,00:00:00,8.3,10,2026-04-21 23:14:07 -0400,00:00:00,7.7,10,2026-04-21 23:14:07 -0400,00:00:00,7.8,10,2026-04-21 23:14:07 -0400,00:00:00,13,20,2026-04-21 23:14:07 -0400,00:00:00,16.1,20,2026-04-21 23:14:07 -0400,00:00:00,15.1,20,2026-04-21 23:14:07 -0400,00:00:00,14.6,20,2026-04-21 23:14:07 -0400,00:00:00,81.5,100,2026-04-21 23:14:07 -0400,00:00:00,94.4,100,2026-04-21 23:14:07 -0400,00:00:00,,100,,
Xime,Zhao,900146623S,xime.zhao@uni.edu,CS 2810 Section 02,7.2,10,2026-04-21 23:14:07 -0400,00:00:00,6.8,10,2026-04-21 23:14:07 -0400,00:00:00,6.9,10,2026-04-21 23:14:07 -0400,00:00:00,5.9,10,2026-04-21 23:14:07 -0400,00:00:00,7.7,10,2026-04-21 23:14:07 -0400,00:00:00,6.9,10,2026-04-21 23:14:07 -0400,00:00:00,6.4,10,2026-04-21 23:14:07 -0400,00:00:00,7.5,10,2026-04-21 23:14:07 -0400,00:00:00,16.3,20,2026-04-21 23:14:07 -0400,00:00:00,18,20,2026-04-21 23:14:07 -0400,00:00:00,16.3,20,2026-04-21 23:14:07 -0400,00:00:00,14.7,20,2026-04-21 23:14:07 -0400,00:00:00,63.4,100,2026-04-21 23:14:07 -0400,00:00:00,58.1,100,2026-04-21 23:14:07 -0400,00:00:00,,100,,
Cora,Nakamura,900154340S,cora.nakamura@uni.edu,CS 2810 Section 01,10,10,2026-04-21 23:14:07 -0400,00:00:00,9.4,10,2026-04-21 23:14:07 -0400,00:00:00,10,10,2026-04-21 23:14:07 -0400,00:00:00,10,10,2026-04-21 23:14:07 -0400,00:00:00,10,10,2026-04-21 23:14:07 -0400,00:00:00,9.8,10,2026-04-21 23:14:07 -0400,00:00:00,9.9,10,2026-04-21 23:14:07 -0400,00:00:00,10,10,2026-04-21 23:14:07 -0400,00:00:00,20,20,2026-04-21 23:14:07 -0400,00:00:00,18.2,20,2026-04-21 23:14:07 -0400,00:00:00,20,20,2026-04-21 23:14:07 -0400,00:00:00,20,20,2026-04-21 23:14:07 -0400,00:00:00,99.5,100,2026-04-21 23:14:07 -0400,00:00:00,94.3,100,2026-04-21 23:14:07 -0400,00:00:00,,100,,
Elena,Nakamura,900162057S,elena.nakamura@uni.edu,CS 2810 Section 02,9.4,10,2026-04-21 23:14:07 -0400,00:00:00,8.8,10,2026-04-21 23:14:07 -0400,00:00:00,8.8,10,2026-04-21 23:14:07 -0400,00:00:00,10,10,2026-04-21 23:14:07 -0400,00:00:00,9.4,10,2026-04-21 23:14:07 -0400,00:00:00,10,10,2026-04-21 23:14:07 -0400,00:00:00,9,10,2026-04-21 23:14:07 -0400,00:00:00,9.6,10,2026-04-21 23:14:07 -0400,00:00:00,16.7,20,2026-04-21 23:14:07 -0400,00:00:00,18.4,20,2026-04-21 23:14:07 -0400,00:00:00,18.2,20,2026-04-21 23:14:07 -0400,00:00:00,15.3,20,2026-04-21 23:14:07 -0400,00:00:00,94.1,100,2026-04-21 23:14:07 -0400,00:00:00,88.1,100,2026-04-21 23:14:07 -0400,00:00:00,,100,,
Tess,Abbott,900169774S,tess.abbott@uni.edu,CS 2810 Section 01,9.1,10,2026-04-21 23:14:07 -0400,00:00:00,9.6,10,2026-04-21 23:14:07 -0400,00:00:00,8.7,10,2026-04-21 23:14:07 -0400,00:00:00,9.2,10,2026-04-21 23:14:07 -0400,00:00:00,9.7,10,2026-04-21 23:14:07 -0400,00:00:00,10,10,2026-04-21 23:14:07 -0400,00:00:00,9.5,10,2026-04-21 23:14:07 -0400,00:00:00,8.4,10,2026-04-21 23:14:07 -0400,00:00:00,14.9,20,2026-04-21 23:14:07 -0400,00:00:00,14.1,20,2026-04-21 23:14:07 -0400,00:00:00,14.9,20,2026-04-21 23:14:07 -0400,00:00:00,17.9,20,2026-04-21 23:14:07 -0400,00:00:00,91.2,100,2026-04-21 23:14:07 -0400,00:00:00,91.8,100,2026-04-21 23:14:07 -0400,00:00:00,,100,,
Uma,Abbott,900177491S,uma.abbott@uni.edu,CS 2810 Section 02,5.9,10,2026-04-21 23:14:07 -0400,00:00:00,8.3,10,2026-04-21 23:14:07 -0400,00:00:00,7.8,10,2026-04-21 23:14:07 -0400,00:00:00,7.2,10,2026-04-21 23:14:07 -0400,00:00:00,8.4,10,2026-04-21 23:14:07 -0400,00:00:00,8,10,2026-04-21 23:14:07 -0400,00:00:00,8,10,2026-04-21 23:14:07 -0400,00:00:00,6.4,10,2026-04-21 23:14:07 -0400,00:00:00,16.1,20,2026-04-21 23:14:07 -0400,00:00:00,14.9,20,2026-04-21 23:14:07 -0400,00:00:00,15.3,20,2026-04-21 23:14:07 -0400,00:00:00,13.9,20,2026-04-21 23:14:07 -0400,00:00:00,70.6,100,2026-04-21 23:14:07 -0400,00:00:00,65.6,100,2026-04-21 23:14:07 -0400,00:00:00,,100,,
Omar,Xu,900185208S,omar.xu@uni.edu,CS 2810 Section 01,8.2,10,2026-04-21 23:14:07 -0400,00:00:00,7.6,10,2026-04-21 23:14:07 -0400,00:00:00,8.3,10,2026-04-21 23:14:07 -0400,00:00:00,7.7,10,2026-04-21 23:14:07 -0400,00:00:00,9.2,10,2026-04-21 23:14:07 -0400,00:00:00,7,10,2026-04-21 23:14:07 -0400,00:00:00,8.7,10,2026-04-21 23:14:07 -0400,00:00:00,7.7,10,2026-04-21 23:14:07 -0400,00:00:00,12.9,20,2026-04-21 23:14:07 -0400,00:00:00,14.6,20,2026-04-21 23:14:07 -0400,00:00:00,16.5,20,2026-04-21 23:14:07 -0400,00:00:00,14.4,20,2026-04-21 23:14:07 -0400,00:00:00,91.6,100,2026-04-21 23:14:07 -0400,00:00:00,79.7,100,2026-04-21 23:14:07 -0400,00:00:00,,100,,
Dev,Gupta,900192925S,dev.gupta@uni.edu,CS 2810 Section 02,8.3,10,2026-04-21 23:14:07 -0400,00:00:00,8.6,10,2026-04-21 23:14:07 -0400,00:00:00,8.4,10,2026-04-21 23:14:07 -0400,00:00:00,8,10,2026-04-21 23:14:07 -0400,00:00:00,8.9,10,2026-04-21 23:14:07 -0400,00:00:00,7.7,10,2026-04-21 23:14:07 -0400,00:00:00,7.7,10,2026-04-21 23:14:07 -0400,00:00:00,7.9,10,2026-04-21 23:14:07 -0400,00:00:00,15.3,20,2026-04-21 23:14:07 -0400,00:00:00,14.3,20,2026-04-21 23:14:07 -0400,00:00:00,18.9,20,2026-04-21 23:14:07 -0400,00:00:00,15.2,20,2026-04-21 23:14:07 -0400,00:00:00,74.8,100,2026-04-21 23:14:07 -0400,00:00:00,74.7,100,2026-04-21 23:14:07 -0400,00:00:00,,100,,
Yara,Kaur,900200642S,yara.kaur@uni.edu,CS 2810 Section 01,4.9,10,2026-04-21 23:14:07 -0400,00:00:00,5.4,10,2026-04-21 23:14:07 -0400,00:00:00,5.2,10,2026-04-21 23:14:07 -0400,00:00:00,5,10,2026-04-21 23:14:07 -0400,00:00:00,5.7,10,2026-04-21 23:14:07 -0400,00:00:00,5.1,10,2026-04-21 23:14:07 -0400,00:00:00,5.2,10,2026-04-21 23:14:07 -0400,00:00:00,5.6,10,2026-04-21 23:14:07 -0400,00:00:00,10.4,20,2026-04-21 23:14:07 -0400,00:00:00,10.3,20,2026-04-21 23:14:07 -0400,00:00:00,9,20,2026-04-21 23:14:07 -0400,00:00:00,10.8,20,2026-04-21 23:14:07 -0400,00:00:00,57,100,2026-04-21 23:14:07 -0400,00:00:00,53.2,100,2026-04-21 23:14:07 -0400,00:00:00,,100,,
Elena,Baker,900208359S,elena.baker@uni.edu,CS 2810 Section 02,8.8,10,2026-04-21 23:14:07 -0400,00:00:00,7.5,10,2026-04-21 23:14:07 -0400,00:00:00,8.7,10,2026-04-21 23:14:07 -0400,00:00:00,7.1,10,2026-04-21 23:14:07 -0400,00:00:00,8.5,10,2026-04-21 23:14:07 -0400,00:00:00,7.2,10,2026-04-21 23:14:07 -0400,00:00:00,8.1,10,2026-04-21 23:14:07 -0400,00:00:00,8.1,10,2026-04-21 23:14:07 -0400,00:00:00,16.8,20,2026-04-21 23:14:07 -0400,00:00:00,18.1,20,2026-04-21 23:14:07 -0400,00:00:00,17.2,20,2026-04-21 23:14:07 -0400,00:00:00,16.6,20,2026-04-21 23:14:07 -0400,00:00:00,74.1,100,2026-04-21 23:14:07 -0400,00:00:00,,100,,,77.3,100,2026-04-21 23:14:07 -0400,00:00:00
Maya,Abbott,900216076S,maya.abbott@uni.edu,CS 2810 Section 01,7.9,10,2026-04-21 23:14:07 -0400,00:00:00,7.2,10,2026-04-21 23:14:07 -0400,00:00:00,8.9,10,2026-04-21 23:14:07 -0400,00:00:00,8.2,10,2026-04-21 23:14:07 -0400,00:00:00,8.1,10,2026-04-21 23:14:07 -0400,00:00:00,7.9,10,2026-04-21 23:14:07 -0400,00:00:00,9.6,10,2026-04-21 23:14:07 -0400,00:00:00,8.1,10,2026-04-21 23:14:07 -0400,00:00:00,17.4,20,2026-04-21 23:14:07 -0400,00:00:00,17.2,20,2026-04-21 23:14:07 -0400,00:00:00,17.4,20,2026-04-21 23:14:07 -0400,00:00:00,17.7,20,2026-04-21 23:14:07 -0400,00:00:00,71.6,100,2026-04-21 23:14:07 -0400,00:00:00,,100,,,87.8,100,2026-04-21 23:14:07 -0400,00:00:00
Rosa,Nakamura,900223793S,rosa.nakamura@uni.edu,CS 2810 Section 02,7.4,10,2026-04-21 23:14:07 -0400,00:00:00,8.9,10,2026-04-21 23:14:07 -0400,00:00:00,8.4,10,2026-04-21 23:14:07 -0400,00:00:00,8.9,10,2026-04-21 23:14:07 -0400,00:00:00,8.9,10,2026-04-21 23:14:07 -0400,00:00:00,8.6,10,2026-04-21 23:14:07 -0400,00:00:00,8.5,10,2026-04-21 23:14:07 -0400,00:00:00,9.4,10,2026-04-21 23:14:07 -0400,00:00:00,15.5,20,2026-04-21 23:14:07 -0400,00:00:00,15.9,20,2026-04-21 23:14:07 -0400,00:00:00,16.9,20,2026-04-21 23:14:07 -0400,00:00:00,17.1,20,2026-04-21 23:14:07 -0400,00:00:00,75.2,100,2026-04-21 23:14:07 -0400,00:00:00,82.6,100,2026-04-21 23:14:07 -0400,00:00:00,,100,,
Vik,Ueda,900231510S,vik.ueda@uni.edu,CS 2810 Section 01,9.2,10,2026-04-21 23:14:07 -0400,00:00:00,9.7,10,2026-04-21 23:14:07 -0400,00:00:00,9.4,10,2026-04-21 23:14:07 -0400,00:00:00,7.7,10,2026-04-21 23:14:07 -0400,00:00:00,8.6,10,2026-04-21 23:14:07 -0400,00:00:00,9,10,2026-04-21 23:14:07 -0400,00:00:00,9,10,2026-04-21 23:14:07 -0400,00:00:00,8.9,10,2026-04-21 23:14:07 -0400,00:00:00,16.2,20,2026-04-21 23:14:07 -0400,00:00:00,16.7,20,2026-04-21 23:14:07 -0400,00:00:00,13.2,20,2026-04-21 23:14:07 -0400,00:00:00,14.2,20,2026-04-21 23:14:07 -0400,00:00:00,76,100,2026-04-21 23:14:07 -0400,00:00:00,71.1,100,2026-04-21 23:14:07 -0400,00:00:00,,100,,
Liam,Ibrahim,900239227S,liam.ibrahim@uni.edu,CS 2810 Section 02,7.5,10,2026-04-21 23:14:07 -0400,00:00:00,8.3,10,2026-04-21 23:14:07 -0400,00:00:00,6.7,10,2026-04-21 23:14:07 -0400,00:00:00,7.6,10,2026-04-21 23:14:07 -0400,00:00:00,8.6,10,2026-04-21 23:14:07 -0400,00:00:00,7.5,10,2026-04-21 23:14:07 -0400,00:00:00,8.9,10,2026-04-21 23:14:07 -0400,00:00:00,7.8,10,2026-04-21 23:14:07 -0400,00:00:00,15.6,20,2026-04-21 23:14:07 -0400,00:00:00,17.8,20,2026-04-21 23:14:07 -0400,00:00:00,16,20,2026-04-21 23:14:07 -0400,00:00:00,13.8,20,2026-04-21 23:14:07 -0400,00:00:00,56,100,2026-04-21 23:14:07 -0400,00:00:00,59.1,100,2026-04-21 23:14:07 -0400,00:00:00,,100,,
Priya,Patel,900246944S,priya.patel@uni.edu,CS 2810 Section 01,8,10,2026-04-21 23:14:07 -0400,24:00:00,8,10,2026-04-21 23:14:07 -0400,00:00:00,7.7,10,2026-04-21 23:14:07 -0400,23:00:00,7.9,10,2026-04-21 23:14:07 -0400,00:00:00,7.1,10,2026-04-21 23:14:07 -0400,00:00:00,7.2,10,2026-04-21 23:14:07 -0400,00:00:00,8.4,10,2026-04-21 23:14:07 -0400,00:00:00,8.5,10,2026-04-21 23:14:07 -0400,00:00:00,15.8,20,2026-04-21 23:14:07 -0400,00:00:00,16.8,20,2026-04-21 23:14:07 -0400,00:00:00,14.5,20,2026-04-21 23:14:07 -0400,23:00:00,15.8,20,2026-04-21 23:14:07 -0400,00:00:00,86.5,100,2026-04-21 23:14:07 -0400,00:00:00,86.6,100,2026-04-21 23:14:07 -0400,00:00:00,,100,,
Wren,Weber,900254661S,wren.weber@uni.edu,CS 2810 Section 02,9.4,10,2026-04-21 23:14:07 -0400,00:00:00,8.9,10,2026-04-21 23:14:07 -0400,00:00:00,9.9,10,2026-04-21 23:14:07 -0400,00:00:00,10,10,2026-04-21 23:14:07 -0400,00:00:00,9.4,10,2026-04-21 23:14:07 -0400,00:00:00,9.9,10,2026-04-21 23:14:07 -0400,00:00:00,10,10,2026-04-21 23:14:07 -0400,00:00:00,9.4,10,2026-04-21 23:14:07 -0400,00:00:00,19.1,20,2026-04-21 23:14:07 -0400,00:00:00,16.4,20,2026-04-21 23:14:07 -0400,00:00:00,16.1,20,2026-04-21 23:14:07 -0400,00:00:00,18.2,20,2026-04-21 23:14:07 -0400,00:00:00,100,100,2026-04-21 23:14:07 -0400,00:00:00,94.7,100,2026-04-21 23:14:07 -0400,00:00:00,,100,,
Tess,Foster,900262378S,tess.foster@uni.edu,CS 2810 Section 01,6.1,10,2026-04-21 23:14:07 -0400,00:00:00,6.4,10,2026-04-21 23:14:07 -0400,00:00:00,7,10,2026-04-21 23:14:07 -0400,00:00:00,7.5,10,2026-04-21 23:14:07 -0400,00:00:00,7.7,10,2026-04-21 23:14:07 -0400,00:00:00,7.3,10,2026-04-21 23:14:07 -0400,00:00:00,6.8,10,2026-04-21 23:14:07 -0400,00:00:00,5.5,10,2026-04-21 23:14:07 -0400,00:00:00,13.3,20,2026-04-21 23:14:07 -0400,00:00:00,14.9,20,2026-04-21 23:14:07 -0400,00:00:00,14.2,20,2026-04-21 23:14:07 -0400,00:00:00,15.5,20,2026-04-21 23:14:07 -0400,00:00:00,64.3,100,2026-04-21 23:14:07 -0400,00:00:00,71.8,100,2026-04-21 23:14:07 -0400,00:00:00,,100,,
Elena,Silva,900270095S,elena.silva@uni.edu,CS 2810 Section 02,9.1,10,2026-04-21 23:14:07 -0400,00:00:00,10,10,2026-04-21 23:14:07 -0400,00:00:00,9.4,10,2026-04-21 23:14:07 -0400,00:00:00,9.9,10,2026-04-21 23:14:07 -0400,00:00:00,9.2,10,2026-04-21 23:14:07 -0400,00:00:00,9.5,10,2026-04-21 23:14:07 -0400,00:00:00,9.9,10,2026-04-21 23:14:07 -0400,00:00:00,9.5,10,2026-04-21 23:14:07 -0400,00:00:00,19.6,20,2026-04-21 23:14:07 -0400,00:00:00,17.2,20,2026-04-21 23:14:07 -0400,00:00:00,16.6,20,2026-04-21 23:14:07 -0400,00:00:00,16.2,20,2026-04-21 23:14:07 -0400,00:00:00,78.4,100,2026-04-21 23:14:07 -0400,00:00:00,82.5,100,2026-04-21 23:14:07 -0400,00:00:00,,100,,
Dev,Lopez,900277812S,dev.lopez@uni.edu,CS 2810 Section 01,8.4,10,2026-04-21 23:14:07 -0400,00:00:00,8.8,10,2026-04-21 23:14:07 -0400,00:00:00,7.2,10,2026-04-21 23:14:07 -0400,00:00:00,9,10,2026-04-21 23:14:07 -0400,00:00:00,10,10,2026-04-21 23:14:07 -0400,00:00:00,9.2,10,2026-04-21 23:14:07 -0400,00:00:00,8.3,10,2026-04-21 23:14:07 -0400,00:00:00,8,10,2026-04-21 23:14:07 -0400,00:00:00,17.3,20,2026-04-21 23:14:07 -0400,00:00:00,18,20,2026-04-21 23:14:07 -0400,00:00:00,17.5,20,2026-04-21 23:14:07 -0400,00:00:00,18.2,20,2026-04-21 23:14:07 -0400,00:00:00,72.5,100,2026-04-21 23:14:07 -0400,00:00:00,77,100,2026-04-21 23:14:07 -0400,00:00:00,,100,,
Liam,Weber,900285529S,liam.weber@uni.edu,CS 2810 Section 02,8.5,10,2026-04-21 23:14:07 -0400,00:00:00,8.8,10,2026-04-21 23:14:07 -0400,00:00:00,8.8,10,2026-04-21 23:14:07 -0400,00:00:00,9.1,10,2026-04-21 23:14:07 -0400,00:00:00,7.5,10,2026-04-21 23:14:07 -0400,00:00:00,8.6,10,2026-04-21 23:14:07 -0400,00:00:00,9.3,10,2026-04-21 23:14:07 -0400,00:00:00,8.6,10,2026-04-21 23:14:07 -0400,00:00:00,15.8,20,2026-04-21 23:14:07 -0400,00:00:00,13.5,20,2026-04-21 23:14:07 -0400,00:00:00,16.6,20,2026-04-21 23:14:07 -0400,00:00:00,13.6,20,2026-04-21 23:14:07 -0400,00:00:00,97.5,100,2026-04-21 23:14:07 -0400,00:00:00,100,100,2026-04-21 23:14:07 -0400,00:00:00,,100,,
Tess,O'Brien,900293246S,tess.obrien@uni.edu,CS 2810 Section 01,6.9,10,2026-04-21 23:14:07 -0400,00:00:00,6.7,10,2026-04-21 23:14:07 -0400,00:00:00,6.4,10,2026-04-21 23:14:07 -0400,24:00:00,5.4,10,2026-04-21 23:14:07 -0400,00:00:00,6.9,10,2026-04-21 23:14:07 -0400,00:00:00,7.5,10,2026-04-21 23:14:07 -0400,24:00:00,6,10,2026-04-21 23:14:07 -0400,00:00:00,6.9,10,2026-04-21 23:14:07 -0400,00:00:00,16.6,20,2026-04-21 23:14:07 -0400,00:00:00,16,20,2026-04-21 23:14:07 -0400,00:00:00,15.6,20,2026-04-21 23:14:07 -0400,00:00:00,16.4,20,2026-04-21 23:14:07 -0400,00:00:00,62.1,100,2026-04-21 23:14:07 -0400,00:00:00,59.9,100,2026-04-21 23:14:07 -0400,24:00:00,,100,,
Vik,Weber,900300963S,vik.weber@uni.edu,CS 2810 Section 02,9.5,10,2026-04-21 23:14:07 -0400,00:00:00,8.8,10,2026-04-21 23:14:07 -0400,00:00:00,9.6,10,2026-04-21 23:14:07 -0400,00:00:00,9.7,10,2026-04-21 23:14:07 -0400,00:00:00,8.8,10,2026-04-21 23:14:07 -0400,00:00:00,8.5,10,2026-04-21 23:14:07 -0400,00:00:00,7,10,2026-04-21 23:14:07 -0400,00:00:00,8,10,2026-04-21 23:14:07 -0400,00:00:00,15.3,20,2026-04-21 23:14:07 -0400,00:00:00,14,20,2026-04-21 23:14:07 -0400,00:00:00,13.6,20,2026-04-21 23:14:07 -0400,00:00:00,15.4,20,2026-04-21 23:14:07 -0400,00:00:00,72.9,100,2026-04-21 23:14:07 -0400,00:00:00,82,100,2026-04-21 23:14:07 -0400,00:00:00,,100,,
Uma,Young,900308680S,uma.young@uni.edu,CS 2810 Section 01,9.7,10,2026-04-21 23:14:07 -0400,00:00:00,9.7,10,2026-04-21 23:14:07 -0400,00:00:00,9.1,10,2026-04-21 23:14:07 -0400,00:00:00,9.9,10,2026-04-21 23:14:07 -0400,00:00:00,8.1,10,2026-04-21 23:14:07 -0400,00:00:00,9.2,10,2026-04-21 23:14:07 -0400,00:00:00,8.3,10,2026-04-21 23:14:07 -0400,00:00:00,9.6,10,2026-04-21 23:14:07 -0400,00:00:00,20,20,2026-04-21 23:14:07 -0400,00:00:00,20,20,2026-04-21 23:14:07 -0400,00:00:00,16.9,20,2026-04-21 23:14:07 -0400,00:00:00,16.8,20,2026-04-21 23:14:07 -0400,00:00:00,97.7,100,2026-04-21 23:14:07 -0400,00:00:00,100,100,2026-04-21 23:14:07 -0400,00:00:00,,100,,
Ava,Xu,900316397S,ava.xu@uni.edu,CS 2810 Section 02,8.4,10,2026-04-21 23:14:07 -0400,00:00:00,9.6,10,2026-04-21 23:14:07 -0400,00:00:00,9.9,10,2026-04-21 23:14:07 -0400,00:00:00,9.6,10,2026-04-21 23:14:07 -0400,00:00:00,9.2,10,2026-04-21 23:14:07 -0400,00:00:00,8.6,10,2026-04-21 23:14:07 -0400,00:00:00,9.9,10,2026-04-21 23:14:07 -0400,00:00:00,9.2,10,2026-04-21 23:14:07 -0400,00:00:00,20,20,2026-04-21 23:14:07 -0400,00:00:00,20,20,2026-04-21 23:14:07 -0400,00:00:00,20,20,2026-04-21 23:14:07 -0400,00:00:00,20,20,2026-04-21 23:14:07 -0400,00:00:00,100,100,2026-04-21 23:14:07 -0400,00:00:00,95.5,100,2026-04-21 23:14:07 -0400,00:00:00,,100,,
Wren,Abbott,900324114S,wren.abbott@uni.edu,CS 2810 Section 01,10,10,2026-04-21 23:14:07 -0400,00:00:00,9.7,10,2026-04-21 23:14:07 -0400,00:00:00,10,10,2026-04-21 23:14:07 -0400,00:00:00,9,10,2026-04-21 23:14:07 -0400,00:00:00,10,10,2026-04-21 23:14:07 -0400,00:00:00,10,10,2026-04-21 23:14:07 -0400,00:00:00,10,10,2026-04-21 23:14:07 -0400,00:00:00,,10,,,18.9,20,2026-04-21 23:14:07 -0400,00:00:00,19.8,20,2026-04-21 23:14:07 -0400,00:00:00,19,20,2026-04-21 23:14:07 -0400,00:00:00,18.3,20,2026-04-21 23:14:07 -0400,00:00:00,100,100,2026-04-21 23:14:07 -0400,00:00:00,93,100,2026-04-21 23:14:07 -0400,00:00:00,,100,,
Cora,Kaur,900331831S,cora.kaur@uni.edu,CS 2810 Section 02,10,10,2026-04-21 23:14:07 -0400,00:00:00,9.8,10,2026-04-21 23:14:07 -0400,00:00:00,10,10,2026-04-21 23:14:07 -0400,00:00:00,10,10,2026-04-21 23:14:07 -0400,00:00:00,10,10,2026-04-21 23:14:07 -0400,00:00:00,10,10,2026-04-21 23:14:07 -0400,00:00:00,9.2,10,2026-04-21 23:14:07 -0400,00:00:00,9.6,10,2026-04-21 23:14:07 -0400,00:00:00,20,20,2026-04-21 23:14:07 -0400,00:00:00,19.7,20,2026-04-21 23:14:07 -0400,00:00:00,19.6,20,2026-04-21 23:14:07 -0400,00:00:00,18.7,20,2026-04-21 23:14:07 -0400,00:00:00,94.9,100,2026-04-21 23:14:07 -0400,24:00:00,91.3,100,2026-04-21 23:14:07 -0400,00:00:00,,100,,
Zane,Lopez,900339548S,zane.lopez@uni.edu,CS 2810 Section 01,10,10,2026-04-21 23:14:07 -0400,00:00:00,9.6,10,2026-04-21 23:14:07 -0400,00:00:00,,10,,,9.2,10,2026-04-21 23:14:07 -0400,00:00:00,8.9,10,2026-04-21 23:14:07 -0400,00:00:00,10,10,2026-04-21 23:14:07 -0400,00:00:00,9.9,10,2026-04-21 23:14:07 -0400,00:00:00,9.8,10,2026-04-21 23:14:07 -0400,00:00:00,20,20,2026-04-21 23:14:07 -0400,00:00:00,20,20,2026-04-21 23:14:07 -0400,00:00:00,20,20,2026-04-21 23:14:07 -0400,00:00:00,19.9,20,2026-04-21 23:14:07 -0400,00:00:00,100,100,2026-04-21 23:14:07 -0400,00:00:00,97.4,100,2026-04-21 23:14:07 -0400,00:00:00,,100,,
Omar,Cruz,900347265S,omar.cruz@uni.edu,CS 2810 Section 02,9.2,10,2026-04-21 23:14:07 -0400,00:00:00,9.8,10,2026-04-21 23:14:07 -0400,00:00:00,10,10,2026-04-21 23:14:07 -0400,00:00:00,8.7,10,2026-04-21 23:14:07 -0400,00:00:00,8.6,10,2026-04-21 23:14:07 -0400,00:00:00,10,10,2026-04-21 23:14:07 -0400,00:00:00,9.4,10,2026-04-21 23:14:07 -0400,00:00:00,9.3,10,2026-04-21 23:14:07 -0400,00:00:00,20,20,2026-04-21 23:14:07 -0400,00:00:00,20,20,2026-04-21 23:14:07 -0400,00:00:00,18,20,2026-04-21 23:14:07 -0400,00:00:00,20,20,2026-04-21 23:14:07 -0400,00:00:00,100,100,2026-04-21 23:14:07 -0400,00:00:00,98.5,100,2026-04-21 23:14:07 -0400,00:00:00,,100,,
Iris,Kaur,900354982S,iris.kaur@uni.edu,CS 2810 Section 01,8.6,10,2026-04-21 23:14:07 -0400,00:00:00,8.2,10,2026-04-21 23:14:07 -0400,00:00:00,8.2,10,2026-04-21 23:14:07 -0400,00:00:00,8.7,10,2026-04-21 23:14:07 -0400,24:00:00,8.1,10,2026-04-21 23:14:07 -0400,00:00:00,7.9,10,2026-04-21 23:14:07 -0400,24:00:00,8.3,10,2026-04-21 23:14:07 -0400,00:00:00,8.6,10,2026-04-21 23:14:07 -0400,24:00:00,17.5,20,2026-04-21 23:14:07 -0400,00:00:00,18.3,20,2026-04-21 23:14:07 -0400,00:00:00,15.9,20,2026-04-21 23:14:07 -0400,00:00:00,16.7,20,2026-04-21 23:14:07 -0400,00:00:00,100,100,2026-04-21 23:14:07 -0400,00:00:00,72.5,100,2026-04-21 23:14:07 -0400,00:00:00,,100,,
Quinn,Ueda,900362699S,quinn.ueda@uni.edu,CS 2810 Section 02,9,10,2026-04-21 23:14:07 -0400,00:00:00,9.8,10,2026-04-21 23:14:07 -0400,00:00:00,9.8,10,2026-04-21 23:14:07 -0400,00:00:00,10,10,2026-04-21 23:14:07 -0400,00:00:00,8.9,10,2026-04-21 23:14:07 -0400,00:00:00,9.7,10,2026-04-21 23:14:07 -0400,00:00:00,9,10,2026-04-21 23:14:07 -0400,00:00:00,9.8,10,2026-04-21 23:14:07 -0400,00:00:00,18.5,20,2026-04-21 23:14:07 -0400,00:00:00,20,20,2026-04-21 23:14:07 -0400,00:00:00,20,20,2026-04-21 23:14:07 -0400,00:00:00,20,20,2026-04-21 23:14:07 -0400,00:00:00,91,100,2026-04-21 23:14:07 -0400,00:00:00,93.5,100,2026-04-21 23:14:07 -0400,00:00:00,,100,,
Quinn,Moreau,900370416S,quinn.moreau@uni.edu,CS 2810 Section 01,9.8,10,2026-04-21 23:14:07 -0400,00:00:00,9,10,2026-04-21 23:14:07 -0400,00:00:00,8,10,2026-04-21 23:14:07 -0400,00:00:00,8.9,10,2026-04-21 23:14:07 -0400,00:00:00,8.8,10,2026-04-21 23:14:07 -0400,00:00:00,8.1,10,2026-04-21 23:14:07 -0400,00:00:00,8.6,10,2026-04-21 23:14:07 -0400,00:00:00,9.1,10,2026-04-21 23:14:07 -0400,00:00:00,19.8,20,2026-04-21 23:14:07 -0400,00:00:00,19,20,2026-04-21 23:14:07 -0400,00:00:00,18,20,2026-04-21 23:14:07 -0400,00:00:00,17.6,20,2026-04-21 23:14:07 -0400,00:00:00,79.7,100,2026-04-21 23:14:07 -0400,00:00:00,100,100,2026-04-21 23:14:07 -0400,00:00:00,,100,,
Kira,Cruz,900378133S,kira.cruz@uni.edu,CS 2810 Section 02,10,10,2026-04-21 23:14:07 -0400,00:00:00,8.4,10,2026-04-21 23:14:07 -0400,00:00:00,9,10,2026-04-21 23:14:07 -0400,00:00:00,9.2,10,2026-04-21 23:14:07 -0400,00:00:00,8.3,10,2026-04-21 23:14:07 -0400,00:00:00,7.5,10,2026-04-21 23:14:07 -0400,00:00:00,8.9,10,2026-04-21 23:14:07 -0400,00:00:00,8.4,10,2026-04-21 23:14:07 -0400,00:00:00,16.9,20,2026-04-21 23:14:07 -0400,00:00:00,19.5,20,2026-04-21 23:14:07 -0400,00:00:00,18.1,20,2026-04-21 23:14:07 -0400,00:00:00,17.7,20,2026-04-21 23:14:07 -0400,00:00:00,73.5,100,2026-04-21 23:14:07 -0400,00:00:00,85.2,100,2026-04-21 23:14:07 -0400,00:00:00,,100,,
Zane,Nakamura,900385850S,zane.nakamura@uni.edu,CS 2810 Section 01,9.6,10,2026-04-21 23:14:07 -0400,00:00:00,9.4,10,2026-04-21 23:14:07 -0400,00:00:00,9.1,10,2026-04-21 23:14:07 -0400,00:00:00,9.7,10,2026-04-21 23:14:07 -0400,00:00:00,9.9,10,2026-04-21 23:14:07 -0400,00:00:00,9.1,10,2026-04-21 23:14:07 -0400,00:00:00,8.7,10,2026-04-21 23:14:07 -0400,00:00:00,8.8,10,2026-04-21 23:14:07 -0400,00:00:00,18.3,20,2026-04-21 23:14:07 -0400,00:00:00,19.1,20,2026-04-21 23:14:07 -0400,00:00:00,19,20,2026-04-21 23:14:07 -0400,00:00:00,18.4,20,2026-04-21 23:14:07 -0400,00:00:00,79.5,100,2026-04-21 23:14:07 -0400,00:00:00,76.2,100,2026-04-21 23:14:07 -0400,00:00:00,,100,,
Sam,Hayes,900393567S,sam.hayes@uni.edu,CS 2810 Section 02,7,10,2026-04-21 23:14:07 -0400,00:00:00,6.6,10,2026-04-21 23:14:07 -0400,00:00:00,6.8,10,2026-04-21 23:14:07 -0400,00:00:00,6.2,10,2026-04-21 23:14:07 -0400,00:00:00,7.1,10,2026-04-21 23:14:07 -0400,00:00:00,6.9,10,2026-04-21 23:14:07 -0400,00:00:00,6.6,10,2026-04-21 23:14:07 -0400,00:00:00,7.6,10,2026-04-21 23:14:07 -0400,00:00:00,12,20,2026-04-21 23:14:07 -0400,00:00:00,11.8,20,2026-04-21 23:14:07 -0400,00:00:00,13.2,20,2026-04-21 23:14:07 -0400,00:00:00,13.4,20,2026-04-21 23:14:07 -0400,00:00:00,66.1,100,2026-04-21 23:14:07 -0400,00:00:00,59.4,100,2026-04-21 23:14:07 -0400,00:00:00,,100,,
Grace,Lopez,900401284S,grace.lopez@uni.edu,CS 2810 Section 01,8,10,2026-04-21 23:14:07 -0400,00:00:00,5.9,10,2026-04-21 23:14:07 -0400,00:00:00,7,10,2026-04-21 23:14:07 -0400,00:00:00,5.8,10,2026-04-21 23:14:07 -0400,00:00:00,7,10,2026-04-21 23:14:07 -0400,00:00:00,6.9,10,2026-04-21 23:14:07 -0400,00:00:00,7.6,10,2026-04-21 23:14:07 -0400,00:00:00,6.2,10,2026-04-21 23:14:07 -0400,00:00:00,11.6,20,2026-04-21 23:14:07 -0400,00:00:00,12.2,20,2026-04-21 23:14:07 -0400,00:00:00,12.7,20,2026-04-21 23:14:07 -0400,00:00:00,12.6,20,2026-04-21 23:14:07 -0400,00:00:00,56.3,100,2026-04-21 23:14:07 -0400,00:00:00,59.5,100,2026-04-21 23:14:07 -0400,00:00:00,,100,,
Kira,Vargas,900409001S,kira.vargas@uni.edu,CS 2810 Section 02,9.2,10,2026-04-21 23:14:07 -0400,00:00:00,7.9,10,2026-04-21 23:14:07 -0400,00:00:00,7.6,10,2026-04-21 23:14:07 -0400,00:00:00,8.6,10,2026-04-21 23:14:07 -0400,00:00:00,8.4,10,2026-04-21 23:14:07 -0400,00:00:00,9,10,2026-04-21 23:14:07 -0400,00:00:00,7.1,10,2026-04-21 23:14:07 -0400,00:00:00,8.9,10,2026-04-21 23:14:07 -0400,00:00:00,16.4,20,2026-04-21 23:14:07 -0400,00:00:00,15.4,20,2026-04-21 23:14:07 -0400,00:00:00,16.8,20,2026-04-21 23:14:07 -0400,00:00:00,17.1,20,2026-04-21 23:14:07 -0400,00:00:00,90.5,100,2026-04-21 23:14:07 -0400,00:00:00,,100,,,78.5,100,2026-04-21 23:14:07 -0400,00:00:00
Dev,Young,900416718S,dev.young@uni.edu,CS 2810 Section 01,9.2,10,2026-04-21 23:14:07 -0400,00:00:00,10,10,2026-04-21 23:14:07 -0400,00:00:00,8.5,10,2026-04-21 23:14:07 -0400,00:00:00,8.9,10,2026-04-21 23:14:07 -0400,00:00:00,9.1,10,2026-04-21 23:14:07 -0400,00:00:00,8.1,10,2026-04-21 23:14:07 -0400,00:00:00,7.9,10,2026-04-21 23:14:07 -0400,00:00:00,8.9,10,2026-04-21 23:14:07 -0400,00:00:00,18.3,20,2026-04-21 23:14:07 -0400,00:00:00,20,20,2026-04-21 23:14:07 -0400,00:00:00,19.2,20,2026-04-21 23:14:07 -0400,00:00:00,20,20,2026-04-21 23:14:07 -0400,00:00:00,89.4,100,2026-04-21 23:14:07 -0400,00:00:00,88.9,100,2026-04-21 23:14:07 -0400,00:00:00,,100,,
Grace,Jensen,900424435S,grace.jensen@uni.edu,CS 2810 Section 02,6.2,10,2026-04-21 23:14:07 -0400,00:00:00,6.6,10,2026-04-21 23:14:07 -0400,00:00:00,5.7,10,2026-04-21 23:14:07 -0400,00:00:00,6.7,10,2026-04-21 23:14:07 -0400,00:00:00,6.4,10,2026-04-21 23:14:07 -0400,00:00:00,7.4,10,2026-04-21 23:14:07 -0400,00:00:00,6.3,10,2026-04-21 23:14:07 -0400,00:00:00,6.6,10,2026-04-21 23:14:07 -0400,00:00:00,13.7,20,2026-04-21 23:14:07 -0400,00:00:00,11.3,20,2026-04-21 23:14:07 -0400,00:00:00,9.7,20,2026-04-21 23:14:07 -0400,00:00:00,12.3,20,2026-04-21 23:14:07 -0400,00:00:00,59,100,2026-04-21 23:14:07 -0400,00:00:00,69.4,100,2026-04-21 23:14:07 -0400,00:00:00,,100,,
Xime,Abbott,900432152S,xime.abbott@uni.edu,CS 2810 Section 01,7.2,10,2026-04-21 23:14:07 -0400,00:00:00,8,10,2026-04-21 23:14:07 -0400,00:00:00,6.5,10,2026-04-21 23:14:07 -0400,00:00:00,7.2,10,2026-04-21 23:14:07 -0400,00:00:00,7.9,10,2026-04-21 23:14:07 -0400,00:00:00,7.9,10,2026-04-21 23:14:07 -0400,00:00:00,7.2,10,2026-04-21 23:14:07 -0400,00:00:00,6.1,10,2026-04-21 23:14:07 -0400,00:00:00,13.3,20,2026-04-21 23:14:07 -0400,00:00:00,12.8,20,2026-04-21 23:14:07 -0400,00:00:00,10,20,2026-04-21 23:14:07 -0400,00:00:00,13.2,20,2026-04-21 23:14:07 -0400,00:00:00,65.4,100,2026-04-21 23:14:07 -0400,00:00:00,67.7,100,2026-04-21 23:14:07 -0400,00:00:00,,100,,
Kira,O'Brien,900439869S,kira.obrien@uni.edu,CS 2810 Section 02,9.1,10,2026-04-21 23:14:07 -0400,00:00:00,8.2,10,2026-04-21 23:14:07 -0400,00:00:00,8.6,10,2026-04-21 23:14:07 -0400,00:00:00,9,10,2026-04-21 23:14:07 -0400,00:00:00,9.7,10,2026-04-21 23:14:07 -0400,00:00:00,8.5,10,2026-04-21 23:14:07 -0400,00:00:00,9.4,10,2026-04-21 23:14:07 -0400,00:00:00,9.5,10,2026-04-21 23:14:07 -0400,00:00:00,19.6,20,2026-04-21 23:14:07 -0400,00:00:00,17.8,20,2026-04-21 23:14:07 -0400,00:00:00,18,20,2026-04-21 23:14:07 -0400,00:00:00,20,20,2026-04-21 23:14:07 -0400,00:00:00,86,100,2026-04-21 23:14:07 -0400,00:00:00,91,100,2026-04-21 23:14:07 -0400,00:00:00,,100,,
Ben,Ueda,900447586S,ben.ueda@uni.edu,CS 2810 Section 01,9.7,10,2026-04-21 23:14:07 -0400,21:00:00,10,10,2026-04-21 23:14:07 -0400,00:00:00,9.3,10,2026-04-21 23:14:07 -0400,00:00:00,10,10,2026-04-21 23:14:07 -0400,00:00:00,9.2,10,2026-04-21 23:14:07 -0400,00:00:00,10,10,2026-04-21 23:14:07 -0400,00:00:00,8.9,10,2026-04-21 23:14:07 -0400,00:00:00,8.6,10,2026-04-21 23:14:07 -0400,00:00:00,20,20,2026-04-21 23:14:07 -0400,00:00:00,20,20,2026-04-21 23:14:07 -0400,00:00:00,18.9,20,2026-04-21 23:14:07 -0400,00:00:00,19,20,2026-04-21 23:14:07 -0400,00:00:00,100,100,2026-04-21 23:14:07 -0400,00:00:00,91.1,100,2026-04-21 23:14:07 -0400,00:00:00,,100,,
Kira,Evans,900455303S,kira.evans@uni.edu,CS 2810 Section 02,8.8,10,2026-04-21 23:14:07 -0400,00:00:00,9.1,10,2026-04-21 23:14:07 -0400,00:00:00,9.8,10,2026-04-21 23:14:07 -0400,00:00:00,9.1,10,2026-04-21 23:14:07 -0400,00:00:00,8.3,10,2026-04-21 23:14:07 -0400,00:00:00,10,10,2026-04-21 23:14:07 -0400,00:00:00,8.9,10,2026-04-21 23:14:07 -0400,00:00:00,9,10,2026-04-21 23:14:07 -0400,00:00:00,18,20,2026-04-21 23:14:07 -0400,00:00:00,15,20,2026-04-21 23:14:07 -0400,00:00:00,14,20,2026-04-21 23:14:07 -0400,00:00:00,14.8,20,2026-04-21 23:14:07 -0400,00:00:00,85.1,100,2026-04-21 23:14:07 -0400,00:00:00,93.7,100,2026-04-21 23:14:07 -0400,00:00:00,,100,,
Grace,Vargas,900463020S,grace.vargas@uni.edu,CS 2810 Section 01,8.7,10,2026-04-21 23:14:07 -0400,00:00:00,8.6,10,2026-04-21 23:14:07 -0400,00:00:00,7.4,10,2026-04-21 23:14:07 -0400,00:00:00,7.6,10,2026-04-21 23:14:07 -0400,00:00:00,8.2,10,2026-04-21 23:14:07 -0400,00:00:00,9,10,2026-04-21 23:14:07 -0400,00:00:00,8.4,10,2026-04-21 23:14:07 -0400,00:00:00,7.9,10,2026-04-21 23:14:07 -0400,00:00:00,19.2,20,2026-04-21 23:14:07 -0400,00:00:00,19.5,20,2026-04-21 23:14:07 -0400,00:00:00,17,20,2026-04-21 23:14:07 -0400,00:00:00,17.2,20,2026-04-21 23:14:07 -0400,00:00:00,94.1,100,2026-04-21 23:14:07 -0400,00:00:00,100,100,2026-04-21 23:14:07 -0400,00:00:00,,100,,
Rosa,Ibrahim,900470737S,rosa.ibrahim@uni.edu,CS 2810 Section 02,8.1,10,2026-04-21 23:14:07 -0400,00:00:00,7.4,10,2026-04-21 23:14:07 -0400,00:00:00,6.6,10,2026-04-21 23:14:07 -0400,00:00:00,6.8,10,2026-04-21 23:14:07 -0400,00:00:00,7.8,10,2026-04-21 23:14:07 -0400,00:00:00,7.6,10,2026-04-21 23:14:07 -0400,00:00:00,7.5,10,2026-04-21 23:14:07 -0400,00:00:00,7.1,10,2026-04-21 23:14:07 -0400,00:00:00,11.5,20,2026-04-21 23:14:07 -0400,00:00:00,9.9,20,2026-04-21 23:14:07 -0400,00:00:00,13.8,20,2026-04-21 23:14:07 -0400,00:00:00,12.2,20,2026-04-21 23:14:07 -0400,00:00:00,68.7,100,2026-04-21 23:14:07 -0400,00:00:00,83.3,100,2026-04-21 23:14:07 -0400,23:00:00,,100,,
Vik,Foster,900478454S,vik.foster@uni.edu,CS 2810 Section 01,9.5,10,2026-04-21 23:14:07 -0400,00:00:00,10,10,2026-04-21 23:14:07 -0400,00:00:00,9.7,10,2026-04-21 23:14:07 -0400,00:00:00,9.7,10,2026-04-21 23:14:07 -0400,00:00:00,10,10,2026-04-21 23:14:07 -0400,00:00:00,9.4,10,2026-04-21 23:14:07 -0400,00:00:00,9.9,10,2026-04-21 23:14:07 -0400,00:00:00,9.4,10,2026-04-21 23:14:07 -0400,00:00:00,20,20,2026-04-21 23:14:07 -0400,00:00:00,20,20,2026-04-21 23:14:07 -0400,00:00:00,19.1,20,2026-04-21 23:14:07 -0400,00:00:00,19.8,20,2026-04-21 23:14:07 -0400,00:00:00,93.7,100,2026-04-21 23:14:07 -0400,00:00:00,91.3,100,2026-04-21 23:14:07 -0400,00:00:00,,100,,
Kira,Hayes,900486171S,kira.hayes@uni.edu,CS 2810 Section 02,10,10,2026-04-21 23:14:07 -0400,23:00:00,8.7,10,2026-04-21 23:14:07 -0400,00:00:00,8.7,10,2026-04-21 23:14:07 -0400,00:00:00,9.3,10,2026-04-21 23:14:07 -0400,00:00:00,10,10,2026-04-21 23:14:07 -0400,23:00:00,9.4,10,2026-04-21 23:14:07 -0400,00:00:00,9.5,10,2026-04-21 23:14:07 -0400,00:00:00,9.9,10,2026-04-21 23:14:07 -0400,00:00:00,19.9,20,2026-04-21 23:14:07 -0400,00:00:00,18.6,20,2026-04-21 23:14:07 -0400,00:00:00,20,20,2026-04-21 23:14:07 -0400,00:00:00,18.8,20,2026-04-21 23:14:07 -0400,00:00:00,96.6,100,2026-04-21 23:14:07 -0400,00:00:00,100,100,2026-04-21 23:14:07 -0400,00:00:00,,100,,
Cora,Rossi,900493888S,cora.rossi@uni.edu,CS 2810 Section 01,8.4,10,2026-04-21 23:14:07 -0400,00:00:00,8.7,10,2026-04-21 23:14:07 -0400,00:00:00,8.3,10,2026-04-21 23:14:07 -0400,00:00:00,9,10,2026-04-21 23:14:07 -0400,00:00:00,9.9,10,2026-04-21 23:14:07 -0400,00:00:00,8.9,10,2026-04-21 23:14:07 -0400,00:00:00,8.4,10,2026-04-21 23:14:07 -0400,00:00:00,8.5,10,2026-04-21 23:14:07 -0400,00:00:00,18.8,20,2026-04-21 23:14:07 -0400,00:00:00,16.7,20,2026-04-21 23:14:07 -0400,00:00:00,16.7,20,2026-04-21 23:14:07 -0400,00:00:00,17.6,20,2026-04-21 23:14:07 -0400,00:00:00,81.2,100,2026-04-21 23:14:07 -0400,00:00:00,88.3,100,2026-04-21 23:14:07 -0400,00:00:00,,100,,
Xime,Young,900501605S,xime.young@uni.edu,CS 2810 Section 02,7.7,10,2026-04-21 23:14:07 -0400,00:00:00,6.8,10,2026-04-21 23:14:07 -0400,00:00:00,8,10,2026-04-21 23:14:07 -0400,00:00:00,7.6,10,2026-04-21 23:14:07 -0400,00:00:00,6.4,10,2026-04-21 23:14:07 -0400,00:00:00,5.9,10,2026-04-21 23:14:07 -0400,00:00:00,7.1,10,2026-04-21 23:14:07 -0400,00:00:00,8.6,10,2026-04-21 23:14:07 -0400,00:00:00,15.4,20,2026-04-21 23:14:07 -0400,00:00:00,18.2,20,2026-04-21 23:14:07 -0400,00:00:00,15.3,20,2026-04-21 23:14:07 -0400,00:00:00,14.5,20,2026-04-21 23:14:07 -0400,00:00:00,73.4,100,2026-04-21 23:14:07 -0400,00:00:00,72,100,2026-04-21 23:14:07 -0400,00:00:00,,100,,
Grace,Foster,900509322S,grace.foster@uni.edu,CS 2810 Section 01,8,10,2026-04-21 23:14:07 -0400,00:00:00,7.3,10,2026-04-21 23:14:07 -0400,00:00:00,6.9,10,2026-04-21 23:14:07 -0400,00:00:00,6.8,10,2026-04-21 23:14:07 -0400,00:00:00,7.2,10,2026-04-21 23:14:07 -0400,00:00:00,7.5,10,2026-04-21 23:14:07 -0400,00:00:00,6.7,10,2026-04-21 23:14:07 -0400,00:00:00,7.2,10,2026-04-21 23:14:07 -0400,00:00:00,16.2,20,2026-04-21 23:14:07 -0400,00:00:00,14.9,20,2026-04-21 23:14:07 -0400,00:00:00,15.1,20,2026-04-21 23:14:07 -0400,00:00:00,12.1,20,2026-04-21 23:14:07 -0400,00:00:00,85.6,100,2026-04-21 23:14:07 -0400,00:00:00,72.3,100,2026-04-21 23:14:07 -0400,00:00:00,,100,,
Wren,Gupta,900517039S,wren.gupta@uni.edu,CS 2810 Section 02,6.1,10,2026-04-21 23:14:07 -0400,00:00:00,7.3,10,2026-04-21 23:14:07 -0400,00:00:00,8.8,10,2026-04-21 23:14:07 -0400,00:00:00,7.7,10,2026-04-21 23:14:07 -0400,00:00:00,7.5,10,2026-04-21 23:14:07 -0400,00:00:00,7.2,10,2026-04-21 23:14:07 -0400,00:00:00,8.5,10,2026-04-21 23:14:07 -0400,00:00:00,7.1,10,2026-04-21 23:14:07 -0400,00:00:00,12.6,20,2026-04-21 23:14:07 -0400,00:00:00,14.3,20,2026-04-21 23:14:07 -0400,00:00:00,13.9,20,2026-04-21 23:14:07 -0400,00:00:00,15.4,20,2026-04-21 23:14:07 -0400,00:00:00,67.3,100,2026-04-21 23:14:07 -0400,00:00:00,55.7,100,2026-04-21 23:14:07 -0400,00:00:00,,100,,
Vik,Quan,900524756S,vik.quan@uni.edu,CS 2810 Section 01,8.4,10,2026-04-21 23:14:07 -0400,00:00:00,9.4,10,2026-04-21 23:14:07 -0400,00:00:00,9.2,10,2026-04-21 23:14:07 -0400,00:00:00,7.5,10,2026-04-21 23:14:07 -0400,00:00:00,8.8,10,2026-04-21 23:14:07 -0400,00:00:00,9,10,2026-04-21 23:14:07 -0400,00:00:00,9.5,10,2026-04-21 23:14:07 -0400,00:00:00,8.1,10,2026-04-21 23:14:07 -0400,00:00:00,18.2,20,2026-04-21 23:14:07 -0400,00:00:00,19.1,20,2026-04-21 23:14:07 -0400,00:00:00,15.7,20,2026-04-21 23:14:07 -0400,00:00:00,15,20,2026-04-21 23:14:07 -0400,00:00:00,83.5,100,2026-04-21 23:14:07 -0400,00:00:00,88.5,100,2026-04-21 23:14:07 -0400,00:00:00,,100,,
Quinn,Zhao,900532473S,quinn.zhao@uni.edu,CS 2810 Section 02,7.6,10,2026-04-21 23:14:07 -0400,00:00:00,7.5,10,2026-04-21 23:14:07 -0400,00:00:00,8.5,10,2026-04-21 23:14:07 -0400,00:00:00,9.1,10,2026-04-21 23:14:07 -0400,00:00:00,7.9,10,2026-04-21 23:14:07 -0400,00:00:00,8.7,10,2026-04-21 23:14:07 -0400,00:00:00,9,10,2026-04-21 23:14:07 -0400,00:00:00,7.9,10,2026-04-21 23:14:07 -0400,00:00:00,17.2,20,2026-04-21 23:14:07 -0400,00:00:00,18.2,20,2026-04-21 23:14:07 -0400,00:00:00,17,20,2026-04-21 23:14:07 -0400,00:00:00,17.1,20,2026-04-21 23:14:07 -0400,00:00:00,93.7,100,2026-04-21 23:14:07 -0400,00:00:00,96.9,100,2026-04-21 23:14:07 -0400,00:00:00,,100,,
Elena,Foster,900540190S,elena.foster@uni.edu,CS 2810 Section 01,9,10,2026-04-21 23:14:07 -0400,00:00:00,9.6,10,2026-04-21 23:14:07 -0400,00:00:00,9,10,2026-04-21 23:14:07 -0400,00:00:00,9.1,10,2026-04-21 23:14:07 -0400,00:00:00,7.9,10,2026-04-21 23:14:07 -0400,00:00:00,8.5,10,2026-04-21 23:14:07 -0400,00:00:00,9.7,10,2026-04-21 23:14:07 -0400,00:00:00,9.1,10,2026-04-21 23:14:07 -0400,00:00:00,13.3,20,2026-04-21 23:14:07 -0400,00:00:00,13.8,20,2026-04-21 23:14:07 -0400,00:00:00,17.4,20,2026-04-21 23:14:07 -0400,00:00:00,14.5,20,2026-04-21 23:14:07 -0400,00:00:00,82.2,100,2026-04-21 23:14:07 -0400,00:00:00,74,100,2026-04-21 23:14:07 -0400,00:00:00,,100,,
Hugo,O'Brien,900547907S,hugo.obrien@uni.edu,CS 2810 Section 02,9.1,10,2026-04-21 23:14:07 -0400,00:00:00,9.9,10,2026-04-21 23:14:07 -0400,00:00:00,9.8,10,2026-04-21 23:14:07 -0400,00:00:00,9.8,10,2026-04-21 23:14:07 -0400,00:00:00,9,10,2026-04-21 23:14:07 -0400,00:00:00,9.3,10,2026-04-21 23:14:07 -0400,00:00:00,8.5,10,2026-04-21 23:14:07 -0400,00:00:00,8.9,10,2026-04-21 23:14:07 -0400,00:00:00,20,20,2026-04-21 23:14:07 -0400,00:00:00,18.4,20,2026-04-21 23:14:07 -0400,00:00:00,19.6,20,2026-04-21 23:14:07 -0400,00:00:00,20,20,2026-04-21 23:14:07 -0400,00:00:00,88.2,100,2026-04-21 23:14:07 -0400,00:00:00,87.7,100,2026-04-21 23:14:07 -0400,00:00:00,,100,,
Yara,Nakamura,900555624S,yara.nakamura@uni.edu,CS 2810 Section 01,9.7,10,2026-04-21 23:14:07 -0400,00:00:00,8.8,10,2026-04-21 23:14:07 -0400,00:00:00,9.8,10,2026-04-21 23:14:07 -0400,00:00:00,9,10,2026-04-21 23:14:07 -0400,00:00:00,8.8,10,2026-04-21 23:14:07 -0400,00:00:00,8.7,10,2026-04-21 23:14:07 -0400,00:00:00,9.5,10,2026-04-21 23:14:07 -0400,00:00:00,9.2,10,2026-04-21 23:14:07 -0400,00:00:00,20,20,2026-04-21 23:14:07 -0400,00:00:00,19.9,20,2026-04-21 23:14:07 -0400,00:00:00,20,20,2026-04-21 23:14:07 -0400,00:00:00,20,20,2026-04-21 23:14:07 -0400,00:00:00,92.6,100,2026-04-21 23:14:07 -0400,00:00:00,92.3,100,2026-04-21 23:14:07 -0400,00:00:00,,100,,
Hugo,Vargas,900563341S,hugo.vargas@uni.edu,CS 2810 Section 02,9.5,10,2026-04-21 23:14:07 -0400,00:00:00,9.9,10,2026-04-21 23:14:07 -0400,00:00:00,10,10,2026-04-21 23:14:07 -0400,00:00:00,9.1,10,2026-04-21 23:14:07 -0400,00:00:00,8.7,10,2026-04-21 23:14:07 -0400,00:00:00,10,10,2026-04-21 23:14:07 -0400,00:00:00,,10,,,10,10,2026-04-21 23:14:07 -0400,00:00:00,19.7,20,2026-04-21 23:14:07 -0400,00:00:00,15.7,20,2026-04-21 23:14:07 -0400,00:00:00,17.6,20,2026-04-21 23:14:07 -0400,00:00:00,15,20,2026-04-21 23:14:07 -0400,00:00:00,78.1,100,2026-04-21 23:14:07 -0400,00:00:00,79,100,2026-04-21 23:14:07 -0400,00:00:00,,100,,
Dev,Ueda,900571058S,dev.ueda@uni.edu,CS 2810 Section 01,7.8,10,2026-04-21 23:14:07 -0400,00:00:00,8.4,10,2026-04-21 23:14:07 -0400,00:00:00,7.7,10,2026-04-21 23:14:07 -0400,00:00:00,8.2,10,2026-04-21 23:14:07 -0400,00:00:00,8.4,10,2026-04-21 23:14:07 -0400,00:00:00,8,10,2026-04-21 23:14:07 -0400,00:00:00,7.4,10,2026-04-21 23:14:07 -0400,00:00:00,6.4,10,2026-04-21 23:14:07 -0400,00:00:00,15.7,20,2026-04-21 23:14:07 -0400,00:00:00,15.3,20,2026-04-21 23:14:07 -0400,00:00:00,16.4,20,2026-04-21 23:14:07 -0400,00:00:00,16.4,20,2026-04-21 23:14:07 -0400,00:00:00,90.3,100,2026-04-21 23:14:07 -0400,00:00:00,77.7,100,2026-04-21 23:14:07 -0400,00:00:00,,100,,
Rosa,Xu,900578775S,rosa.xu@uni.edu,CS 2810 Section 02,8,10,2026-04-21 23:14:07 -0400,00:00:00,6.5,10,2026-04-21 23:14:07 -0400,00:00:00,6.9,10,2026-04-21 23:14:07 -0400,00:00:00,7.5,10,2026-04-21 23:14:07 -0400,00:00:00,5.7,10,2026-04-21 23:14:07 -0400,00:00:00,5.9,10,2026-04-21 23:14:07 -0400,00:00:00,7.5,10,2026-04-21 23:14:07 -0400,00:00:00,7.4,10,2026-04-21 23:14:07 -0400,00:00:00,11.5,20,2026-04-21 23:14:07 -0400,00:00:00,11.2,20,2026-04-21 23:14:07 -0400,00:00:00,11.7,20,2026-04-21 23:14:07 -0400,00:00:00,12.8,20,2026-04-21 23:14:07 -0400,00:00:00,75.5,100,2026-04-21 23:14:07 -0400,00:00:00,71.9,100,2026-04-21 23:14:07 -0400,00:00:00,,100,,
Uma,Rossi,900586492S,uma.rossi@uni.edu,CS 2810 Section 01,8.2,10,2026-04-21 23:14:07 -0400,00:00:00,8,10,2026-04-21 23:14:07 -0400,00:00:00,8.4,10,2026-04-21 23:14:07 -0400,00:00:00,6.6,10,2026-04-21 23:14:07 -0400,00:00:00,7.9,10,2026-04-21 23:14:07 -0400,00:00:00,6.8,10,2026-04-21 23:14:07 -0400,00:00:00,7.3,10,2026-04-21 23:14:07 -0400,00:00:00,8,10,2026-04-21 23:14:07 -0400,00:00:00,16.4,20,2026-04-21 23:14:07 -0400,00:00:00,16.3,20,2026-04-21 23:14:07 -0400,00:00:00,17.9,20,2026-04-21 23:14:07 -0400,00:00:00,16.2,20,2026-04-21 23:14:07 -0400,00:00:00,78.6,100,2026-04-21 23:14:07 -0400,00:00:00,85.7,100,2026-04-21 23:14:07 -0400,00:00:00,,100,,
Maya,Ibrahim,900594209S,maya.ibrahim@uni.edu,CS 2810 Section 02,6.9,10,2026-04-21 23:14:07 -0400,00:00:00,6.4,10,2026-04-21 23:14:07 -0400,00:00:00,6.5,10,2026-04-21 23:14:07 -0400,00:00:00,7.1,10,2026-04-21 23:14:07 -0400,00:00:00,6.5,10,2026-04-21 23:14:07 -0400,00:00:00,8.9,10,2026-04-21 23:14:07 -0400,00:00:00,7.1,10,2026-04-21 23:14:07 -0400,00:00:00,6.5,10,2026-04-21 23:14:07 -0400,00:00:00,13.4,20,2026-04-21 23:14:07 -0400,00:00:00,14.9,20,2026-04-21 23:14:07 -0400,00:00:00,12.7,20,2026-04-21 23:14:07 -0400,00:00:00,13.4,20,2026-04-21 23:14:07 -0400,00:00:00,75.8,100,2026-04-21 23:14:07 -0400,00:00:00,76.4,100,2026-04-21 23:14:07 -0400,00:00:00,,100,,
Hugo,Young,900601926S,hugo.young@uni.edu,CS 2810 Section 01,8.5,10,2026-04-21 23:14:07 -0400,00:00:00,7.8,10,2026-04-21 23:14:07 -0400,00:00:00,7.9,10,2026-04-21 23:14:07 -0400,00:00:00,7.4,10,2026-04-21 23:14:07 -0400,24:00:00,7.2,10,2026-04-21 23:14:07 -0400,00:00:00,7.9,10,2026-04-21 23:14:07 -0400,24:00:00,8.4,10,2026-04-21 23:14:07 -0400,00:00:00,7.3,10,2026-04-21 23:14:07 -0400,00:00:00,15.8,20,2026-04-21 23:14:07 -0400,00:00:00,15.3,20,2026-04-21 23:14:07 -0400,00:00:00,15.4,20,2026-04-21 23:14:07 -0400,00:00:00,14.1,20,2026-04-21 23:14:07 -0400,00:00:00,81.7,100,2026-04-21 23:14:07 -0400,00:00:00,82.4,100,2026-04-21 23:14:07 -0400,00:00:00,,100,,
Cora,Gupta,900609643S,cora.gupta@uni.edu,CS 2810 Section 02,7.6,10,2026-04-21 23:14:07 -0400,00:00:00,7.9,10,2026-04-21 23:14:07 -0400,00:00:00,7.9,10,2026-04-21 23:14:07 -0400,00:00:00,8.2,10,2026-04-21 23:14:07 -0400,00:00:00,6.3,10,2026-04-21 23:14:07 -0400,00:00:00,7.9,10,2026-04-21 23:14:07 -0400,00:00:00,7.9,10,2026-04-21 23:14:07 -0400,00:00:00,7.9,10,2026-04-21 23:14:07 -0400,00:00:00,15.8,20,2026-04-21 23:14:07 -0400,00:00:00,15.3,20,2026-04-21 23:14:07 -0400,00:00:00,14.3,20,2026-04-21 23:14:07 -0400,00:00:00,15,20,2026-04-21 23:14:07 -0400,00:00:00,85.7,100,2026-04-21 23:14:07 -0400,00:00:00,94.2,100,2026-04-21 23:14:07 -0400,00:00:00,,100,,
Priya,O'Brien,900617360S,priya.obrien@uni.edu,CS 2810 Section 01,7.7,10,2026-04-21 23:14:07 -0400,00:00:00,6.6,10,2026-04-21 23:14:07 -0400,00:00:00,6.8,10,2026-04-21 23:14:07 -0400,00:00:00,8.2,10,2026-04-21 23:14:07 -0400,00:00:00,6.6,10,2026-04-21 23:14:07 -0400,00:00:00,7.4,10,2026-04-21 23:14:07 -0400,00:00:00,7.9,10,2026-04-21 23:14:07 -0400,00:00:00,7,10,2026-04-21 23:14:07 -0400,00:00:00,11.1,20,2026-04-21 23:14:07 -0400,00:00:00,11.5,20,2026-04-21 23:14:07 -0400,00:00:00,10.9,20,2026-04-21 23:14:07 -0400,00:00:00,10.5,20,2026-04-21 23:14:07 -0400,00:00:00,97,100,2026-04-21 23:14:07 -0400,00:00:00,100,100,2026-04-21 23:14:07 -0400,00:00:00,,100,,
Dev,Cruz,900625077S,dev.cruz@uni.edu,CS 2810 Section 02,7.1,10,2026-04-21 23:14:07 -0400,00:00:00,5.8,10,2026-04-21 23:14:07 -0400,00:00:00,7.4,10,2026-04-21 23:14:07 -0400,00:00:00,6.5,10,2026-04-21 23:14:07 -0400,00:00:00,7.1,10,2026-04-21 23:14:07 -0400,00:00:00,7.5,10,2026-04-21 23:14:07 -0400,00:00:00,,10,,,7.9,10,2026-04-21 23:14:07 -0400,00:00:00,13.1,20,2026-04-21 23:14:07 -0400,00:00:00,11.8,20,2026-04-21 23:14:07 -0400,00:00:00,13.7,20,2026-04-21 23:14:07 -0400,00:00:00,13.8,20,2026-04-21 23:14:07 -0400,00:00:00,47.5,100,2026-04-21 23:14:07 -0400,00:00:00,63.7,100,2026-04-21 23:14:07 -0400,00:00:00,,100,,
Uma,Ueda,900632794S,uma.ueda@uni.edu,CS 2810 Section 01,8,10,2026-04-21 23:14:07 -0400,00:00:00,8.7,10,2026-04-21 23:14:07 -0400,00:00:00,9.1,10,2026-04-21 23:14:07 -0400,00:00:00,9.1,10,2026-04-21 23:14:07 -0400,00:00:00,9.1,10,2026-04-21 23:14:07 -0400,00:00:00,9.4,10,2026-04-21 23:14:07 -0400,00:00:00,9.6,10,2026-04-21 23:14:07 -0400,00:00:00,8.5,10,2026-04-21 23:14:07 -0400,00:00:00,17.8,20,2026-04-21 23:14:07 -0400,00:00:00,16.8,20,2026-04-21 23:14:07 -0400,00:00:00,17.6,20,2026-04-21 23:14:07 -0400,00:00:00,15.7,20,2026-04-21 23:14:07 -0400,00:00:00,91.3,100,2026-04-21 23:14:07 -0400,00:00:00,83.9,100,2026-04-21 23:14:07 -0400,00:00:00,,100,,
Uma,Moreau,900640511S,uma.moreau@uni.edu,CS 2810 Section 02,7.2,10,2026-04-21 23:14:07 -0400,00:00:00,7.2,10,2026-04-21 23:14:07 -0400,00:00:00,7.9,10,2026-04-21 23:14:07 -0400,00:00:00,8.8,10,2026-04-21 23:14:07 -0400,00:00:00,8.2,10,2026-04-21 23:14:07 -0400,00:00:00,8,10,2026-04-21 23:14:07 -0400,00:00:00,8.4,10,2026-04-21 23:14:07 -0400,00:00:00,7.9,10,2026-04-21 23:14:07 -0400,00:00:00,17.5,20,2026-04-21 23:14:07 -0400,00:00:00,17.3,20,2026-04-21 23:14:07 -0400,00:00:00,17.4,20,2026-04-21 23:14:07 -0400,00:00:00,17.6,20,2026-04-21 23:14:07 -0400,00:00:00,80.8,100,2026-04-21 23:14:07 -0400,00:00:00,83.1,100,2026-04-21 23:14:07 -0400,00:00:00,,100,,
Maya,Evans,900648228S,maya.evans@uni.edu,CS 2810 Section 01,8.5,10,2026-04-21 23:14:07 -0400,00:00:00,9.1,10,2026-04-21 23:14:07 -0400,00:00:00,9.7,10,2026-04-21 23:14:07 -0400,00:00:00,10,10,2026-04-21 23:14:07 -0400,00:00:00,9.9,10,2026-04-21 23:14:07 -0400,00:00:00,9.1,10,2026-04-21 23:14:07 -0400,00:00:00,9,10,2026-04-21 23:14:07 -0400,00:00:00,8.3,10,2026-04-21 23:14:07 -0400,00:00:00,20,20,2026-04-21 23:14:07 -0400,00:00:00,17.7,20,2026-04-21 23:14:07 -0400,00:00:00,17.9,20,2026-04-21 23:14:07 -0400,00:00:00,18.9,20,2026-04-21 23:14:07 -0400,00:00:00,94.6,100,2026-04-21 23:14:07 -0400,00:00:00,83.6,100,2026-04-21 23:14:07 -0400,00:00:00,,100,,
Grace,Quan,900655945S,grace.quan@uni.edu,CS 2810 Section 02,8.7,10,2026-04-21 23:14:07 -0400,00:00:00,9.2,10,2026-04-21 23:14:07 -0400,00:00:00,9.5,10,2026-04-21 23:14:07 -0400,00:00:00,8,10,2026-04-21 23:14:07 -0400,00:00:00,8.8,10,2026-04-21 23:14:07 -0400,00:00:00,8.5,10,2026-04-21 23:14:07 -0400,00:00:00,9.1,10,2026-04-21 23:14:07 -0400,00:00:00,9.4,10,2026-04-21 23:14:07 -0400,00:00:00,14.9,20,2026-04-21 23:14:07 -0400,00:00:00,16.8,20,2026-04-21 23:14:07 -0400,00:00:00,16.4,20,2026-04-21 23:14:07 -0400,00:00:00,17.5,20,2026-04-21 23:14:07 -0400,00:00:00,86.9,100,2026-04-21 23:14:07 -0400,00:00:00,93,100,2026-04-21 23:14:07 -0400,00:00:00,,100,,
Finn,Foster,900663662S,finn.foster@uni.edu,CS 2810 Section 01,5.3,10,2026-04-21 23:14:07 -0400,00:00:00,6.5,10,2026-04-21 23:14:07 -0400,00:00:00,6.5,10,2026-04-21 23:14:07 -0400,00:00:00,5.6,10,2026-04-21 23:14:07 -0400,00:00:00,6.2,10,2026-04-21 23:14:07 -0400,00:00:00,5.9,10,2026-04-21 23:14:07 -0400,00:00:00,6.9,10,2026-04-21 23:14:07 -0400,00:00:00,6.3,10,2026-04-21 23:14:07 -0400,00:00:00,9.7,20,2026-04-21 23:14:07 -0400,00:00:00,9.9,20,2026-04-21 23:14:07 -0400,00:00:00,12.8,20,2026-04-21 23:14:07 -0400,00:00:00,12.6,20,2026-04-21 23:14:07 -0400,00:00:00,59.1,100,2026-04-21 23:14:07 -0400,00:00:00,43.7,100,2026-04-21 23:14:07 -0400,00:00:00,,100,,
Yara,Diaz,900671379S,yara.diaz@uni.edu,CS 2810 Section 02,7.3,10,2026-04-21 23:14:07 -0400,00:00:00,7.9,10,2026-04-21 23:14:07 -0400,00:00:00,7.2,10,2026-04-21 23:14:07 -0400,00:00:00,8.1,10,2026-04-21 23:14:07 -0400,00:00:00,7.6,10,2026-04-21 23:14:07 -0400,00:00:00,7.6,10,2026-04-21 23:14:07 -0400,00:00:00,8.7,10,2026-04-21 23:14:07 -0400,00:00:00,7.6,10,2026-04-21 23:14:07 -0400,00:00:00,16.2,20,2026-04-21 23:14:07 -0400,00:00:00,16.3,20,2026-04-21 23:14:07 -0400,00:00:00,16.5,20,2026-04-21 23:14:07 -0400,00:00:00,16.7,20,2026-04-21 23:14:07 -0400,00:00:00,74.4,100,2026-04-21 23:14:07 -0400,00:00:00,69.1,100,2026-04-21 23:14:07 -0400,00:00:00,,100,,
Omar,O'Brien,900679096S,omar.obrien@uni.edu,CS 2810 Section 01,8,10,2026-04-21 23:14:07 -0400,00:00:00,8.4,10,2026-04-21 23:14:07 -0400,00:00:00,8.6,10,2026-04-21 23:14:07 -0400,00:00:00,9.1,10,2026-04-21 23:14:07 -0400,00:00:00,8.5,10,2026-04-21 23:14:07 -0400,00:00:00,8.8,10,2026-04-21 23:14:07 -0400,00:00:00,7.5,10,2026-04-21 23:14:07 -0400,00:00:00,8.7,10,2026-04-21 23:14:07 -0400,00:00:00,14,20,2026-04-21 23:14:07 -0400,00:00:00,15.9,20,2026-04-21 23:14:07 -0400,00:00:00,14.1,20,2026-04-21 23:14:07 -0400,00:00:00,16.1,20,2026-04-21 23:14:07 -0400,00:00:00,86.1,100,2026-04-21 23:14:07 -0400,00:00:00,78.6,100,2026-04-21 23:14:07 -0400,00:00:00,,100,,
Cora,Ueda,900686813S,cora.ueda@uni.edu,CS 2810 Section 02,9.1,10,2026-04-21 23:14:07 -0400,00:00:00,10,10,2026-04-21 23:14:07 -0400,00:00:00,10,10,2026-04-21 23:14:07 -0400,00:00:00,9.2,10,2026-04-21 23:14:07 -0400,00:00:00,10,10,2026-04-21 23:14:07 -0400,00:00:00,9.8,10,2026-04-21 23:14:07 -0400,00:00:00,10,10,2026-04-21 23:14:07 -0400,00:00:00,9.2,10,2026-04-21 23:14:07 -0400,00:00:00,17.7,20,2026-04-21 23:14:07 -0400,00:00:00,17.1,20,2026-04-21 23:14:07 -0400,00:00:00,17.3,20,2026-04-21 23:14:07 -0400,00:00:00,15.7,20,2026-04-21 23:14:07 -0400,00:00:00,96.7,100,2026-04-21 23:14:07 -0400,00:00:00,97.7,100,2026-04-21 23:14:07 -0400,00:00:00,,100,,
Grace,Ibrahim,900694530S,grace.ibrahim@uni.edu,CS 2810 Section 01,9.3,10,2026-04-21 23:14:07 -0400,00:00:00,8.9,10,2026-04-21 23:14:07 -0400,00:00:00,7.8,10,2026-04-21 23:14:07 -0400,00:00:00,8.5,10,2026-04-21 23:14:07 -0400,00:00:00,8.2,10,2026-04-21 23:14:07 -0400,00:00:00,7.5,10,2026-04-21 23:14:07 -0400,00:00:00,8.1,10,2026-04-21 23:14:07 -0400,00:00:00,9.1,10,2026-04-21 23:14:07 -0400,00:00:00,11.8,20,2026-04-21 23:14:07 -0400,00:00:00,15,20,2026-04-21 23:14:07 -0400,00:00:00,14.9,20,2026-04-21 23:14:07 -0400,00:00:00,14.4,20,2026-04-21 23:14:07 -0400,00:00:00,87.9,100,2026-04-21 23:14:07 -0400,00:00:00,79.1,100,2026-04-21 23:14:07 -0400,00:00:00,,100,,
Grace,Silva,900702247S,grace.silva@uni.edu,CS 2810 Section 02,7.3,10,2026-04-21 23:14:07 -0400,00:00:00,7.7,10,2026-04-21 23:14:07 -0400,00:00:00,7.8,10,2026-04-21 23:14:07 -0400,00:00:00,6.9,10,2026-04-21 23:14:07 -0400,00:00:00,6.1,10,2026-04-21 23:14:07 -0400,00:00:00,7.1,10,2026-04-21 23:14:07 -0400,00:00:00,6.5,10,2026-04-21 23:14:07 -0400,00:00:00,7.6,10,2026-04-21 23:14:07 -0400,00:00:00,16.2,20,2026-04-21 23:14:07 -0400,00:00:00,12.5,20,2026-04-21 23:14:07 -0400,00:00:00,13.3,20,2026-04-21 23:14:07 -0400,00:00:00,12.7,20,2026-04-21 23:14:07 -0400,00:00:00,46.2,100,2026-04-21 23:14:07 -0400,00:00:00,57.1,100,2026-04-21 23:14:07 -0400,00:00:00,,100,,
Rosa,Abbott,900709964S,rosa.abbott@uni.edu,CS 2810 Section 01,6.7,10,2026-04-21 23:14:07 -0400,00:00:00,6.1,10,2026-04-21 23:14:07 -0400,00:00:00,6.1,10,2026-04-21 23:14:07 -0400,00:00:00,6.9,10,2026-04-21 23:14:07 -0400,00:00:00,7.1,10,2026-04-21 23:14:07 -0400,00:00:00,6.3,10,2026-04-21 23:14:07 -0400,00:00:00,7.2,10,2026-04-21 23:14:07 -0400,00:00:00,5.6,10,2026-04-21 23:14:07 -0400,00:00:00,11.3,20,2026-04-21 23:14:07 -0400,00:00:00,10.5,20,2026-04-21 23:14:07 -0400,00:00:00,10.8,20,2026-04-21 23:14:07 -0400,00:00:00,10.9,20,2026-04-21 23:14:07 -0400,00:00:00,70,100,2026-04-21 23:14:07 -0400,00:00:00,74.5,100,2026-04-21 23:14:07 -0400,00:00:00,,100,,
Priya,Moreau,900717681S,priya.moreau@uni.edu,CS 2810 Section 02,9.4,10,2026-04-21 23:14:07 -0400,00:00:00,9.1,10,2026-04-21 23:14:07 -0400,00:00:00,8.6,10,2026-04-21 23:14:07 -0400,00:00:00,7.8,10,2026-04-21 23:14:07 -0400,00:00:00,7.8,10,2026-04-21 23:14:07 -0400,00:00:00,8.3,10,2026-04-21 23:14:07 -0400,00:00:00,8.4,10,2026-04-21 23:14:07 -0400,00:00:00,8.3,10,2026-04-21 23:14:07 -0400,00:00:00,15.9,20,2026-04-21 23:14:07 -0400,00:00:00,16.7,20,2026-04-21 23:14:07 -0400,00:00:00,17.4,20,2026-04-21 23:14:07 -0400,00:00:00,18,20,2026-04-21 23:14:07 -0400,00:00:00,96.4,100,2026-04-21 23:14:07 -0400,00:00:00,96.7,100,2026-04-21 23:14:07 -0400,00:00:00,,100,,
Ava,Moreau,900725398S,ava.moreau@uni.edu,CS 2810 Section 01,7,10,2026-04-21 23:14:07 -0400,00:00:00,7.7,10,2026-04-21 23:14:07 -0400,00:00:00,6.9,10,2026-04-21 23:14:07 -0400,00:00:00,7.7,10,2026-04-21 23:14:07 -0400,00:00:00,5.9,10,2026-04-21 23:14:07 -0400,00:00:00,7,10,2026-04-21 23:14:07 -0400,00:00:00,6.7,10,2026-04-21 23:14:07 -0400,00:00:00,6.7,10,2026-04-21 23:14:07 -0400,00:00:00,10.9,20,2026-04-21 23:14:07 -0400,00:00:00,10.6,20,2026-04-21 23:14:07 -0400,00:00:00,10.8,20,2026-04-21 23:14:07 -0400,00:00:00,11.6,20,2026-04-21 23:14:07 -0400,00:00:00,58.5,100,2026-04-21 23:14:07 -0400,00:00:00,54.2,100,2026-04-21 23:14:07 -0400,00:00:00,,100,,
Yara,Lopez,900733115S,yara.lopez@uni.edu,CS 2810 Section 02,8.5,10,2026-04-21 23:14:07 -0400,00:00:00,9.7,10,2026-04-21 23:14:07 -0400,00:00:00,10,10,2026-04-21 23:14:07 -0400,00:00:00,9,10,2026-04-21 23:14:07 -0400,00:00:00,8.8,10,2026-04-21 23:14:07 -0400,00:00:00,9.9,10,2026-04-21 23:14:07 -0400,00:00:00,9.7,10,2026-04-21 23:14:07 -0400,00:00:00,8.7,10,2026-04-21 23:14:07 -0400,00:00:00,19.6,20,2026-04-21 23:14:07 -0400,00:00:00,17.2,20,2026-04-21 23:14:07 -0400,00:00:00,17.3,20,2026-04-21 23:14:07 -0400,00:00:00,19.8,20,2026-04-21 23:14:07 -0400,00:00:00,97.8,100,2026-04-21 23:14:07 -0400,00:00:00,84.1,100,2026-04-21 23:14:07 -0400,00:00:00,,100,,
Uma,Cruz,900740832S,uma.cruz@uni.edu,CS 2810 Section 01,8.7,10,2026-04-21 23:14:07 -0400,00:00:00,8.6,10,2026-04-21 23:14:07 -0400,00:00:00,7.2,10,2026-04-21 23:14:07 -0400,00:00:00,8.3,10,2026-04-21 23:14:07 -0400,00:00:00,7.7,10,2026-04-21 23:14:07 -0400,00:00:00,8,10,2026-04-21 23:14:07 -0400,00:00:00,7.8,10,2026-04-21 23:14:07 -0400,00:00:00,8,10,2026-04-21 23:14:07 -0400,00:00:00,14.6,20,2026-04-21 23:14:07 -0400,00:00:00,14.5,20,2026-04-21 23:14:07 -0400,00:00:00,13.9,20,2026-04-21 23:14:07 -0400,00:00:00,15.9,20,2026-04-21 23:14:07 -0400,00:00:00,69.6,100,2026-04-21 23:14:07 -0400,00:00:00,78,100,2026-04-21 23:14:07 -0400,00:00:00,,100,,
Xime,Kaur,900748549S,xime.kaur@uni.edu,CS 2810 Section 02,7.8,10,2026-04-21 23:14:07 -0400,00:00:00,8.5,10,2026-04-21 23:14:07 -0400,00:00:00,7.7,10,2026-04-21 23:14:07 -0400,00:00:00,9.3,10,2026-04-21 23:14:07 -0400,00:00:00,7.6,10,2026-04-21 23:14:07 -0400,00:00:00,9.2,10,2026-04-21 23:14:07 -0400,00:00:00,8.7,10,2026-04-21 23:14:07 -0400,00:00:00,8.6,10,2026-04-21 23:14:07 -0400,00:00:00,16.3,20,2026-04-21 23:14:07 -0400,00:00:00,15.9,20,2026-04-21 23:14:07 -0400,00:00:00,16.1,20,2026-04-21 23:14:07 -0400,00:00:00,14.8,20,2026-04-21 23:14:07 -0400,00:00:00,80.2,100,2026-04-21 23:14:07 -0400,00:00:00,74.6,100,2026-04-21 23:14:07 -0400,00:00:00,,100,,
Wren,Silva,900756266S,wren.silva@uni.edu,CS 2810 Section 01,5.8,10,2026-04-21 23:14:07 -0400,00:00:00,5.3,10,2026-04-21 23:14:07 -0400,00:00:00,6.5,10,2026-04-21 23:14:07 -0400,00:00:00,6.9,10,2026-04-21 23:14:07 -0400,00:00:00,6,10,2026-04-21 23:14:07 -0400,00:00:00,5.6,10,2026-04-21 23:14:07 -0400,00:00:00,7.3,10,2026-04-21 23:14:07 -0400,00:00:00,5.8,10,2026-04-21 23:14:07 -0400,00:00:00,13.1,20,2026-04-21 23:14:07 -0400,00:00:00,13.1,20,2026-04-21 23:14:07 -0400,00:00:00,11.8,20,2026-04-21 23:14:07 -0400,00:00:00,12.7,20,2026-04-21 23:14:07 -0400,00:00:00,76.6,100,2026-04-21 23:14:07 -0400,00:00:00,67.6,100,2026-04-21 23:14:07 -0400,00:00:00,,100,,
Wren,Vargas,900763983S,wren.vargas@uni.edu,CS 2810 Section 02,9.4,10,2026-04-21 23:14:07 -0400,00:00:00,9.2,10,2026-04-21 23:14:07 -0400,00:00:00,9.4,10,2026-04-21 23:14:07 -0400,00:00:00,9.6,10,2026-04-21 23:14:07 -0400,00:00:00,8.8,10,2026-04-21 23:14:07 -0400,00:00:00,9.9,10,2026-04-21 23:14:07 -0400,00:00:00,9.7,10,2026-04-21 23:14:07 -0400,00:00:00,10,10,2026-04-21 23:14:07 -0400,00:00:00,16.2,20,2026-04-21 23:14:07 -0400,00:00:00,19.6,20,2026-04-21 23:14:07 -0400,00:00:00,17.8,20,2026-04-21 23:14:07 -0400,00:00:00,18,20,2026-04-21 23:14:07 -0400,00:00:00,100,100,2026-04-21 23:14:07 -0400,00:00:00,100,100,2026-04-21 23:14:07 -0400,00:00:00,,100,,
